employee_id,month,days_worked,days_absent,overtime_hours,late_arrivals
1,2022-02-01,19,1,0,2
1,2022-03-01,19,2,3,1
1,2022-04-01,22,0,0,2
1,2022-05-01,22,1,2,2
1,2022-06-01,22,2,1,0
1,2022-07-01,18,2,5,1
1,2022-08-01,17,0,0,0
1,2022-09-01,22,1,2,1
1,2022-10-01,21,0,4,0
1,2022-11-01,22,1,2,1
1,2022-12-01,20,0,4,0
1,2023-01-01,21,1,3,1
1,2023-02-01,22,1,1,0
1,2023-03-01,17,2,1,1
1,2023-04-01,21,1,4,0
1,2023-05-01,19,1,5,1
1,2023-06-01,18,2,2,2
1,2023-07-01,20,0,0,0
1,2023-08-01,17,1,1,2
1,2023-09-01,20,0,6,2
1,2023-10-01,19,2,2,2
1,2023-11-01,17,2,4,1
1,2023-12-01,19,0,5,2
1,2024-01-01,22,2,1,1
1,2024-02-01,21,0,0,0
1,2024-03-01,18,0,6,1
1,2024-04-01,17,1,4,2
1,2024-05-01,19,1,6,2
1,2024-06-01,18,2,0,0
1,2024-07-01,19,1,5,2
1,2024-08-01,20,2,3,1
1,2024-09-01,21,0,1,1
1,2024-10-01,22,0,3,1
1,2024-11-01,22,2,2,0
1,2024-12-01,21,2,4,0
1,2025-01-01,18,1,4,0
1,2025-02-01,17,2,1,1
1,2025-03-01,18,0,2,2
1,2025-04-01,18,1,4,1
1,2025-05-01,17,1,1,2
1,2025-06-01,21,1,1,2
1,2025-07-01,19,2,4,0
1,2025-08-01,21,2,1,2
1,2025-09-01,21,0,1,2
1,2025-10-01,21,2,4,1
1,2025-11-01,21,0,6,0
1,2025-12-01,17,0,5,2
1,2026-01-01,19,2,1,2
1,2026-02-01,20,2,5,0
1,2026-03-01,20,2,4,1
1,2026-04-01,22,1,3,0
2,2022-07-01,22,1,2,1
2,2022-08-01,17,2,0,0
2,2022-09-01,20,1,3,1
2,2022-10-01,18,1,4,0
2,2022-11-01,19,2,2,2
2,2022-12-01,19,1,1,1
2,2023-01-01,21,2,0,1
2,2023-02-01,18,1,0,1
2,2023-03-01,20,0,1,0
2,2023-04-01,17,1,3,2
2,2023-05-01,20,0,6,0
2,2023-06-01,19,2,5,1
2,2023-07-01,18,0,3,2
2,2023-08-01,20,1,2,1
2,2023-09-01,17,0,3,2
2,2023-10-01,20,0,1,2
2,2023-11-01,19,0,0,1
2,2023-12-01,20,2,6,2
2,2024-01-01,22,1,2,2
2,2024-02-01,17,0,3,0
2,2024-03-01,19,2,2,1
2,2024-04-01,19,0,3,0
2,2024-05-01,21,2,1,1
2,2024-06-01,21,1,0,1
2,2024-07-01,21,1,6,2
2,2024-08-01,19,2,5,2
2,2024-09-01,17,0,0,1
2,2024-10-01,19,1,4,1
2,2024-11-01,18,0,4,2
2,2024-12-01,20,2,0,0
2,2025-01-01,17,0,5,1
2,2025-02-01,20,2,3,0
2,2025-03-01,21,2,1,1
2,2025-04-01,21,1,1,1
2,2025-05-01,21,2,6,1
2,2025-06-01,21,1,4,2
2,2025-07-01,21,1,5,2
2,2025-08-01,19,1,6,0
2,2025-09-01,19,1,5,0
2,2025-10-01,20,2,2,2
2,2025-11-01,22,2,0,2
2,2025-12-01,20,1,5,2
2,2026-01-01,21,0,5,0
2,2026-02-01,21,1,1,2
2,2026-03-01,22,2,4,1
2,2026-04-01,18,2,1,0
3,2022-03-01,21,2,0,0
3,2022-04-01,17,1,2,1
3,2022-05-01,18,1,5,0
3,2022-06-01,20,2,6,2
3,2022-07-01,20,2,5,0
3,2022-08-01,22,0,4,0
3,2022-09-01,16,5,4,4
3,2022-10-01,14,4,4,4
3,2022-11-01,18,3,1,4
3,2022-12-01,14,4,5,5
3,2023-01-01,15,4,4,4
4,2024-07-01,19,0,4,2
4,2024-08-01,21,1,3,1
4,2024-09-01,18,1,0,1
4,2024-10-01,22,0,2,1
4,2024-11-01,22,1,5,1
4,2024-12-01,18,0,6,2
4,2025-01-01,19,2,5,1
4,2025-02-01,18,0,4,2
4,2025-03-01,21,0,1,0
4,2025-04-01,22,2,1,2
4,2025-05-01,18,0,0,1
4,2025-06-01,19,2,3,0
4,2025-07-01,22,0,0,2
4,2025-08-01,18,1,5,1
4,2025-09-01,20,2,1,1
4,2025-10-01,19,1,5,0
4,2025-11-01,17,2,4,0
4,2025-12-01,21,2,5,0
4,2026-01-01,18,1,6,0
4,2026-02-01,17,1,6,1
4,2026-03-01,18,2,6,1
4,2026-04-01,17,0,2,2
5,2025-11-01,21,0,18,1
5,2025-12-01,14,5,19,5
5,2026-01-01,17,2,20,5
5,2026-02-01,19,3,25,3
5,2026-03-01,14,5,28,4
5,2026-04-01,15,2,19,4
6,2022-03-01,18,0,8,1
6,2022-04-01,18,1,16,1
6,2022-05-01,19,1,13,2
6,2022-06-01,21,0,8,2
6,2022-07-01,19,2,7,0
6,2022-08-01,22,0,11,1
6,2022-09-01,18,1,14,2
6,2022-10-01,22,1,15,0
6,2022-11-01,22,1,9,2
6,2022-12-01,18,0,6,1
6,2023-01-01,18,1,15,2
6,2023-02-01,19,1,15,2
6,2023-03-01,20,2,16,2
6,2023-04-01,18,0,14,2
6,2023-05-01,17,2,11,2
6,2023-06-01,22,1,5,2
6,2023-07-01,17,0,17,2
6,2023-08-01,21,0,13,2
6,2023-09-01,18,0,9,2
6,2023-10-01,20,0,14,0
6,2023-11-01,22,2,11,0
6,2023-12-01,21,1,16,0
6,2024-01-01,20,0,12,1
6,2024-02-01,20,2,4,2
6,2024-03-01,20,2,16,1
6,2024-04-01,22,0,10,1
6,2024-05-01,17,2,7,2
6,2024-06-01,17,0,10,1
6,2024-07-01,22,0,12,0
6,2024-08-01,17,1,4,1
6,2024-09-01,20,0,16,0
6,2024-10-01,22,2,14,1
6,2024-11-01,19,1,11,1
6,2024-12-01,20,0,14,2
6,2025-01-01,21,0,14,1
6,2025-02-01,17,0,12,1
6,2025-03-01,21,0,15,0
6,2025-04-01,17,0,8,1
6,2025-05-01,22,2,12,1
6,2025-06-01,21,1,17,0
6,2025-07-01,18,1,9,0
6,2025-08-01,19,0,18,2
6,2025-09-01,17,0,16,2
6,2025-10-01,20,2,16,0
6,2025-11-01,18,0,5,0
6,2025-12-01,21,0,11,2
6,2026-01-01,22,2,17,0
6,2026-02-01,18,2,4,1
6,2026-03-01,20,0,12,0
6,2026-04-01,17,0,12,1
7,2024-02-01,18,2,13,1
7,2024-03-01,21,2,16,2
7,2024-04-01,19,0,8,0
7,2024-05-01,22,2,7,1
7,2024-06-01,19,1,4,2
7,2024-07-01,18,3,28,5
7,2024-08-01,14,5,25,5
7,2024-09-01,16,4,20,5
7,2024-10-01,14,4,19,2
7,2024-11-01,16,5,19,3
8,2025-09-01,19,0,2,2
8,2025-10-01,17,1,6,1
8,2025-11-01,17,2,5,0
8,2025-12-01,14,5,5,2
8,2026-01-01,14,3,3,4
8,2026-02-01,16,3,1,2
8,2026-03-01,19,3,5,3
8,2026-04-01,16,4,6,5
9,2022-11-01,20,2,5,1
9,2022-12-01,19,1,2,2
9,2023-01-01,20,1,0,2
9,2023-02-01,20,1,1,1
9,2023-03-01,19,1,0,2
9,2023-04-01,18,2,1,0
9,2023-05-01,19,2,4,2
9,2023-06-01,22,1,2,0
9,2023-07-01,18,1,1,1
9,2023-08-01,21,0,3,2
9,2023-09-01,18,4,2,5
9,2023-10-01,16,4,1,5
9,2023-11-01,16,2,4,2
9,2023-12-01,20,2,3,3
9,2024-01-01,14,3,0,5
10,2024-02-01,19,0,4,2
10,2024-03-01,22,2,3,2
10,2024-04-01,20,0,0,2
10,2024-05-01,21,1,0,0
10,2024-06-01,21,2,2,2
10,2024-07-01,19,0,4,2
10,2024-08-01,22,1,6,0
10,2024-09-01,17,0,4,0
10,2024-10-01,18,0,4,2
10,2024-11-01,19,1,2,1
10,2024-12-01,17,1,3,1
10,2025-01-01,21,0,5,0
10,2025-02-01,19,2,6,0
10,2025-03-01,22,2,6,0
10,2025-04-01,17,1,3,1
10,2025-05-01,21,1,0,2
10,2025-06-01,17,2,1,0
10,2025-07-01,20,1,5,1
10,2025-08-01,21,0,4,0
10,2025-09-01,18,0,6,2
10,2025-10-01,17,4,0,4
10,2025-11-01,19,2,1,2
10,2025-12-01,15,3,6,5
10,2026-01-01,14,3,4,5
10,2026-02-01,18,4,3,3
11,2022-03-01,22,2,5,2
11,2022-04-01,22,1,4,0
11,2022-05-01,20,0,17,0
11,2022-06-01,19,2,16,2
11,2022-07-01,21,1,16,1
11,2022-08-01,17,2,8,1
11,2022-09-01,20,0,9,2
11,2022-10-01,20,1,6,2
11,2022-11-01,21,2,10,0
11,2022-12-01,21,1,16,0
11,2023-01-01,22,0,5,1
11,2023-02-01,18,1,15,2
11,2023-03-01,18,2,10,1
11,2023-04-01,19,0,5,0
11,2023-05-01,19,1,9,1
11,2023-06-01,17,0,5,0
11,2023-07-01,20,1,12,2
11,2023-08-01,21,1,5,0
11,2023-09-01,17,1,12,0
11,2023-10-01,21,2,16,1
11,2023-11-01,20,0,8,1
11,2023-12-01,20,0,15,2
11,2024-01-01,18,2,12,0
11,2024-02-01,22,1,6,0
11,2024-03-01,19,1,8,1
11,2024-04-01,18,0,6,1
11,2024-05-01,19,1,8,1
11,2024-06-01,17,1,8,0
11,2024-07-01,22,2,11,2
11,2024-08-01,21,0,11,0
11,2024-09-01,18,1,4,1
11,2024-10-01,19,2,10,1
11,2024-11-01,20,1,10,2
11,2024-12-01,21,0,8,1
11,2025-01-01,21,2,7,1
11,2025-02-01,19,0,10,1
11,2025-03-01,19,2,15,2
11,2025-04-01,20,2,16,0
11,2025-05-01,19,1,8,1
11,2025-06-01,19,0,18,2
11,2025-07-01,18,2,12,0
11,2025-08-01,22,2,4,2
11,2025-09-01,20,2,7,1
11,2025-10-01,19,2,5,1
11,2025-11-01,22,1,6,2
11,2025-12-01,19,0,8,2
11,2026-01-01,18,2,10,1
11,2026-02-01,17,1,13,1
11,2026-03-01,21,1,12,2
11,2026-04-01,22,1,12,0
12,2025-03-01,19,2,6,2
12,2025-04-01,21,2,0,0
12,2025-05-01,18,2,5,1
12,2025-06-01,18,2,4,0
12,2025-07-01,21,2,5,2
12,2025-08-01,20,1,6,1
12,2025-09-01,17,0,0,1
12,2025-10-01,18,2,5,2
12,2025-11-01,21,2,5,2
12,2025-12-01,18,1,2,1
12,2026-01-01,20,2,4,2
12,2026-02-01,21,0,2,0
12,2026-03-01,20,0,2,1
12,2026-04-01,17,0,6,2
13,2024-03-01,18,1,2,1
13,2024-04-01,20,0,4,1
13,2024-05-01,19,1,0,1
13,2024-06-01,22,2,3,1
13,2024-07-01,17,1,0,2
13,2024-08-01,17,0,6,1
13,2024-09-01,22,0,5,0
13,2024-10-01,22,0,4,0
13,2024-11-01,21,0,2,2
13,2024-12-01,20,1,1,1
13,2025-01-01,22,0,1,2
13,2025-02-01,22,1,3,0
13,2025-03-01,22,2,1,1
13,2025-04-01,21,1,3,0
13,2025-05-01,22,0,1,1
13,2025-06-01,22,0,4,0
13,2025-07-01,21,0,2,1
13,2025-08-01,18,1,0,1
13,2025-09-01,22,1,4,2
13,2025-10-01,19,2,3,2
13,2025-11-01,20,2,0,1
13,2025-12-01,19,1,4,0
13,2026-01-01,22,2,6,1
13,2026-02-01,21,2,0,2
13,2026-03-01,18,1,0,0
13,2026-04-01,19,0,1,1
14,2022-10-01,22,0,12,1
14,2022-11-01,20,2,6,2
14,2022-12-01,20,1,6,1
14,2023-01-01,22,2,15,2
14,2023-02-01,18,2,6,1
14,2023-03-01,19,0,6,1
14,2023-04-01,20,2,4,1
14,2023-05-01,17,1,6,0
14,2023-06-01,20,2,12,2
14,2023-07-01,20,1,14,1
14,2023-08-01,20,2,17,1
14,2023-09-01,20,0,5,2
14,2023-10-01,17,0,8,0
14,2023-11-01,19,0,12,1
14,2023-12-01,18,1,13,2
14,2024-01-01,20,2,12,0
14,2024-02-01,21,0,8,2
14,2024-03-01,19,2,17,0
14,2024-04-01,22,1,12,0
14,2024-05-01,20,0,15,2
14,2024-06-01,18,1,17,0
14,2024-07-01,20,1,9,0
14,2024-08-01,20,0,16,0
14,2024-09-01,18,2,13,2
14,2024-10-01,19,2,13,2
14,2024-11-01,20,0,13,0
14,2024-12-01,16,2,26,4
14,2025-01-01,18,3,24,4
14,2025-02-01,19,2,28,4
14,2025-03-01,19,3,19,4
14,2025-04-01,14,5,19,4
15,2022-10-01,22,1,10,1
15,2022-11-01,17,2,16,0
15,2022-12-01,20,2,15,1
15,2023-01-01,22,1,11,1
15,2023-02-01,19,2,4,2
15,2023-03-01,17,2,11,2
15,2023-04-01,22,2,9,0
15,2023-05-01,21,1,7,1
15,2023-06-01,18,1,8,1
15,2023-07-01,19,1,12,2
15,2023-08-01,18,2,17,1
15,2023-09-01,17,2,18,5
15,2023-10-01,14,3,29,5
15,2023-11-01,15,3,24,4
15,2023-12-01,14,4,17,3
15,2024-01-01,14,4,22,2
16,2024-02-01,22,0,4,0
16,2024-03-01,20,0,6,2
16,2024-04-01,18,2,14,1
16,2024-05-01,17,0,15,1
16,2024-06-01,17,1,15,0
16,2024-07-01,20,0,7,1
16,2024-08-01,17,2,16,0
16,2024-09-01,17,1,9,1
16,2024-10-01,18,1,16,0
16,2024-11-01,22,2,6,0
16,2024-12-01,21,2,4,2
16,2025-01-01,22,0,11,1
16,2025-02-01,22,0,14,2
16,2025-03-01,18,1,13,2
16,2025-04-01,20,0,5,0
16,2025-05-01,18,0,13,2
16,2025-06-01,20,1,10,1
16,2025-07-01,18,0,8,2
16,2025-08-01,17,0,12,2
16,2025-09-01,21,2,13,1
16,2025-10-01,22,0,17,2
16,2025-11-01,19,0,12,2
16,2025-12-01,16,5,16,5
16,2026-01-01,17,3,17,2
16,2026-02-01,16,3,28,3
16,2026-03-01,18,2,17,4
16,2026-04-01,16,2,27,4
17,2025-01-01,22,2,4,1
17,2025-02-01,20,2,3,0
17,2025-03-01,22,2,4,2
17,2025-04-01,18,1,0,1
17,2025-05-01,17,2,1,0
17,2025-06-01,21,1,3,2
17,2025-07-01,22,2,5,2
17,2025-08-01,17,1,5,1
17,2025-09-01,22,0,0,0
17,2025-10-01,17,1,0,1
17,2025-11-01,21,2,0,1
17,2025-12-01,22,2,5,2
17,2026-01-01,18,0,0,2
17,2026-02-01,18,2,0,0
17,2026-03-01,20,1,4,2
17,2026-04-01,22,1,1,1
18,2023-08-01,18,2,6,1
18,2023-09-01,22,0,6,0
18,2023-10-01,19,1,2,2
18,2023-11-01,17,1,5,2
18,2023-12-01,22,0,3,1
18,2024-01-01,21,1,0,1
18,2024-02-01,21,0,2,0
18,2024-03-01,19,0,4,2
18,2024-04-01,22,0,1,2
18,2024-05-01,21,0,0,0
18,2024-06-01,18,0,3,1
18,2024-07-01,17,3,6,5
18,2024-08-01,15,3,3,4
18,2024-09-01,15,4,0,2
18,2024-10-01,16,2,3,5
18,2024-11-01,15,4,0,5
19,2022-08-01,17,1,1,1
19,2022-09-01,21,1,5,2
19,2022-10-01,18,1,2,2
19,2022-11-01,20,0,5,2
19,2022-12-01,18,0,0,1
19,2023-01-01,17,0,4,1
19,2023-02-01,22,2,0,1
19,2023-03-01,17,2,3,2
19,2023-04-01,22,1,0,0
19,2023-05-01,21,0,3,1
19,2023-06-01,17,0,5,1
19,2023-07-01,17,0,1,2
19,2023-08-01,20,2,2,1
19,2023-09-01,22,0,4,0
19,2023-10-01,21,0,5,1
19,2023-11-01,17,2,4,0
19,2023-12-01,20,2,1,0
19,2024-01-01,19,1,6,1
19,2024-02-01,20,2,6,2
19,2024-03-01,19,1,3,1
19,2024-04-01,18,0,1,0
19,2024-05-01,21,0,1,0
19,2024-06-01,18,1,3,1
19,2024-07-01,20,0,4,1
19,2024-08-01,18,1,2,1
19,2024-09-01,19,0,0,0
19,2024-10-01,22,1,6,2
19,2024-11-01,22,2,0,0
19,2024-12-01,19,0,0,2
19,2025-01-01,18,1,3,2
19,2025-02-01,17,2,2,1
19,2025-03-01,18,0,3,1
19,2025-04-01,21,2,4,0
19,2025-05-01,17,1,0,0
19,2025-06-01,17,0,0,0
19,2025-07-01,18,0,6,1
19,2025-08-01,19,2,5,2
19,2025-09-01,17,2,4,1
19,2025-10-01,17,0,0,0
19,2025-11-01,22,1,6,0
19,2025-12-01,17,1,0,0
19,2026-01-01,20,0,1,2
19,2026-02-01,20,2,3,1
19,2026-03-01,17,1,5,1
19,2026-04-01,18,1,1,0
20,2023-02-01,19,1,11,0
20,2023-03-01,17,2,13,2
20,2023-04-01,18,2,8,1
20,2023-05-01,20,2,11,0
20,2023-06-01,17,1,10,0
20,2023-07-01,20,0,14,2
20,2023-08-01,18,2,16,2
20,2023-09-01,17,1,16,2
20,2023-10-01,19,1,12,1
20,2023-11-01,19,2,12,1
20,2023-12-01,20,1,6,0
20,2024-01-01,19,2,7,0
20,2024-02-01,19,0,16,1
20,2024-03-01,21,1,16,2
20,2024-04-01,18,0,5,0
20,2024-05-01,22,0,8,2
20,2024-06-01,22,0,16,0
20,2024-07-01,21,1,9,0
20,2024-08-01,18,0,13,1
20,2024-09-01,22,2,9,2
20,2024-10-01,17,2,15,1
20,2024-11-01,21,2,6,2
20,2024-12-01,18,1,12,1
20,2025-01-01,18,1,4,0
20,2025-02-01,17,0,13,0
20,2025-03-01,17,2,11,0
20,2025-04-01,16,3,19,3
20,2025-05-01,17,2,19,4
20,2025-06-01,14,5,18,4
20,2025-07-01,16,3,28,5
20,2025-08-01,19,3,26,3
21,2022-02-01,20,1,5,2
21,2022-03-01,19,0,1,2
21,2022-04-01,17,2,4,1
21,2022-05-01,21,0,1,2
21,2022-06-01,19,2,1,2
21,2022-07-01,21,0,3,0
21,2022-08-01,19,2,0,0
21,2022-09-01,19,1,1,2
21,2022-10-01,17,2,5,2
21,2022-11-01,22,1,3,0
21,2022-12-01,19,0,1,2
21,2023-01-01,17,1,2,0
21,2023-02-01,22,0,0,1
21,2023-03-01,20,2,3,0
21,2023-04-01,20,1,3,1
21,2023-05-01,19,2,6,3
21,2023-06-01,16,2,6,4
21,2023-07-01,14,4,0,4
21,2023-08-01,15,3,5,2
21,2023-09-01,14,5,5,5
22,2022-06-01,22,0,13,1
22,2022-07-01,18,0,5,1
22,2022-08-01,18,0,10,2
22,2022-09-01,21,2,18,2
22,2022-10-01,21,1,14,1
22,2022-11-01,19,0,5,0
22,2022-12-01,20,2,12,1
22,2023-01-01,18,0,9,0
22,2023-02-01,20,0,8,2
22,2023-03-01,22,2,11,0
22,2023-04-01,17,0,7,0
22,2023-05-01,22,1,5,1
22,2023-06-01,17,1,16,1
22,2023-07-01,20,1,18,2
22,2023-08-01,19,0,14,2
22,2023-09-01,20,0,9,1
22,2023-10-01,19,0,11,0
22,2023-11-01,19,1,11,1
22,2023-12-01,18,1,13,0
22,2024-01-01,18,2,14,0
22,2024-02-01,17,2,9,2
22,2024-03-01,20,2,7,2
22,2024-04-01,17,1,17,2
22,2024-05-01,20,2,14,1
22,2024-06-01,21,0,11,1
22,2024-07-01,17,1,18,2
22,2024-08-01,17,2,13,2
22,2024-09-01,21,2,13,0
22,2024-10-01,17,1,6,0
22,2024-11-01,18,0,6,0
22,2024-12-01,20,0,14,1
22,2025-01-01,18,2,6,2
22,2025-02-01,19,1,18,2
22,2025-03-01,17,0,10,2
22,2025-04-01,20,2,9,1
22,2025-05-01,21,1,18,0
22,2025-06-01,22,2,13,2
22,2025-07-01,20,0,10,0
22,2025-08-01,18,2,13,2
22,2025-09-01,17,0,13,0
22,2025-10-01,19,2,18,1
22,2025-11-01,20,1,10,2
22,2025-12-01,20,2,13,1
22,2026-01-01,17,0,8,1
22,2026-02-01,18,2,13,2
22,2026-03-01,22,1,4,1
22,2026-04-01,19,2,7,0
23,2022-09-01,22,1,18,1
23,2022-10-01,19,0,9,1
23,2022-11-01,19,1,17,1
23,2022-12-01,22,2,5,0
23,2023-01-01,18,1,15,1
23,2023-02-01,19,1,15,1
23,2023-03-01,21,2,5,0
23,2023-04-01,20,0,18,1
23,2023-05-01,22,1,16,2
23,2023-06-01,19,0,12,0
23,2023-07-01,17,1,15,2
23,2023-08-01,20,0,16,2
23,2023-09-01,21,0,6,0
23,2023-10-01,15,3,29,4
23,2023-11-01,18,4,29,5
23,2023-12-01,20,2,26,5
23,2024-01-01,14,4,20,2
23,2024-02-01,14,5,20,3
24,2023-02-01,18,2,1,2
24,2023-03-01,18,1,5,1
24,2023-04-01,21,0,6,2
24,2023-05-01,17,1,1,2
24,2023-06-01,18,2,6,0
24,2023-07-01,18,1,4,1
24,2023-08-01,22,2,5,1
24,2023-09-01,20,1,6,1
24,2023-10-01,20,1,1,1
24,2023-11-01,19,2,4,2
24,2023-12-01,20,2,0,0
24,2024-01-01,21,2,6,1
24,2024-02-01,21,2,4,2
24,2024-03-01,19,1,5,0
24,2024-04-01,20,0,2,1
24,2024-05-01,22,1,6,1
24,2024-06-01,19,2,5,2
24,2024-07-01,19,0,1,2
24,2024-08-01,18,0,6,2
24,2024-09-01,20,2,2,2
24,2024-10-01,18,2,0,2
24,2024-11-01,20,1,2,1
24,2024-12-01,20,1,5,0
24,2025-01-01,21,2,4,0
24,2025-02-01,19,2,5,0
24,2025-03-01,22,2,5,1
24,2025-04-01,22,1,4,1
24,2025-05-01,18,2,4,0
24,2025-06-01,19,0,3,0
24,2025-07-01,22,1,5,2
24,2025-08-01,18,2,2,2
24,2025-09-01,17,0,2,0
24,2025-10-01,22,1,3,1
24,2025-11-01,19,1,4,1
24,2025-12-01,20,0,3,0
24,2026-01-01,22,2,4,2
24,2026-02-01,17,1,1,2
24,2026-03-01,17,2,3,2
24,2026-04-01,19,1,0,0
25,2024-06-01,18,0,2,1
25,2024-07-01,21,1,1,1
25,2024-08-01,22,0,6,0
25,2024-09-01,20,1,5,0
25,2024-10-01,19,2,0,0
25,2024-11-01,20,1,1,0
25,2024-12-01,21,0,3,0
25,2025-01-01,18,2,3,2
25,2025-02-01,20,1,3,1
25,2025-03-01,20,0,0,2
25,2025-04-01,18,2,2,0
25,2025-05-01,19,2,1,0
25,2025-06-01,22,0,5,2
25,2025-07-01,18,0,5,1
25,2025-08-01,19,0,0,1
25,2025-09-01,21,2,2,0
25,2025-10-01,17,0,2,1
25,2025-11-01,20,2,4,2
25,2025-12-01,21,1,3,2
25,2026-01-01,18,1,3,1
25,2026-02-01,18,0,6,1
25,2026-03-01,17,0,1,2
25,2026-04-01,18,0,5,0
26,2022-05-01,21,2,1,0
26,2022-06-01,19,2,5,0
26,2022-07-01,20,2,2,2
26,2022-08-01,21,0,4,0
26,2022-09-01,20,2,0,2
26,2022-10-01,15,5,0,4
26,2022-11-01,17,3,1,2
26,2022-12-01,17,2,5,4
26,2023-01-01,18,3,3,2
27,2023-05-01,19,0,16,0
27,2023-06-01,20,0,13,0
27,2023-07-01,19,2,7,1
27,2023-08-01,22,1,8,0
27,2023-09-01,17,2,11,0
27,2023-10-01,22,1,9,0
27,2023-11-01,17,0,14,0
27,2023-12-01,17,2,14,1
27,2024-01-01,18,0,16,2
27,2024-02-01,17,2,15,0
27,2024-03-01,19,2,7,1
27,2024-04-01,19,1,11,0
27,2024-05-01,17,0,17,0
27,2024-06-01,19,1,16,2
27,2024-07-01,17,2,16,3
27,2024-08-01,19,3,26,4
27,2024-09-01,18,4,25,2
27,2024-10-01,15,5,27,5
27,2024-11-01,17,3,19,2
28,2024-08-01,18,0,3,2
28,2024-09-01,20,2,5,1
28,2024-10-01,18,2,3,1
28,2024-11-01,21,0,6,2
28,2024-12-01,22,0,3,1
28,2025-01-01,17,1,3,0
28,2025-02-01,17,1,5,1
28,2025-03-01,17,2,6,2
28,2025-04-01,21,2,4,2
28,2025-05-01,21,0,5,1
28,2025-06-01,21,2,5,2
28,2025-07-01,21,0,3,2
28,2025-08-01,22,0,3,1
28,2025-09-01,22,2,5,1
28,2025-10-01,18,2,4,0
28,2025-11-01,17,2,1,2
28,2025-12-01,20,1,6,0
28,2026-01-01,17,1,2,0
28,2026-02-01,19,1,0,2
28,2026-03-01,18,2,5,1
28,2026-04-01,20,0,0,1
29,2024-06-01,20,2,3,0
29,2024-07-01,20,1,2,0
29,2024-08-01,20,2,5,0
29,2024-09-01,14,5,0,2
29,2024-10-01,14,4,4,3
29,2024-11-01,17,5,2,2
29,2024-12-01,14,4,4,5
29,2025-01-01,18,4,5,2
30,2022-08-01,17,2,7,0
30,2022-09-01,19,1,17,2
30,2022-10-01,19,2,12,1
30,2022-11-01,22,0,4,0
30,2022-12-01,20,0,17,2
30,2023-01-01,22,2,10,0
30,2023-02-01,19,2,7,0
30,2023-03-01,17,1,7,1
30,2023-04-01,18,2,9,0
30,2023-05-01,20,0,18,2
30,2023-06-01,22,2,5,1
30,2023-07-01,20,2,13,2
30,2023-08-01,18,1,4,2
30,2023-09-01,22,0,12,1
30,2023-10-01,18,3,20,3
30,2023-11-01,14,4,27,3
30,2023-12-01,15,4,29,3
30,2024-01-01,16,4,25,3
30,2024-02-01,14,4,26,3
32,2024-09-01,22,2,6,2
32,2024-10-01,21,2,14,1
32,2024-11-01,22,0,16,1
32,2024-12-01,21,1,13,2
32,2025-01-01,22,2,10,2
32,2025-02-01,22,2,8,1
32,2025-03-01,17,2,5,0
32,2025-04-01,20,0,4,2
32,2025-05-01,17,0,8,0
32,2025-06-01,19,2,8,0
32,2025-07-01,17,2,16,1
32,2025-08-01,18,2,4,1
32,2025-09-01,20,0,13,2
32,2025-10-01,19,3,27,4
32,2025-11-01,20,2,27,5
32,2025-12-01,20,2,23,5
32,2026-01-01,14,4,21,3
32,2026-02-01,16,3,17,3
33,2025-02-01,22,2,5,1
33,2025-03-01,17,1,8,2
33,2025-04-01,19,0,6,2
33,2025-05-01,19,0,9,1
33,2025-06-01,22,0,4,0
33,2025-07-01,19,2,4,2
33,2025-08-01,21,2,8,1
33,2025-09-01,21,2,9,0
33,2025-10-01,22,1,12,0
33,2025-11-01,18,2,5,2
33,2025-12-01,18,1,12,2
33,2026-01-01,20,0,9,0
33,2026-02-01,18,2,9,1
33,2026-03-01,19,1,7,2
33,2026-04-01,21,1,12,2
34,2023-03-01,17,0,5,1
34,2023-04-01,20,0,5,2
34,2023-05-01,21,0,0,2
34,2023-06-01,19,1,6,0
34,2023-07-01,20,1,4,2
34,2023-08-01,19,0,4,1
34,2023-09-01,21,2,3,1
34,2023-10-01,17,1,5,0
34,2023-11-01,19,2,0,0
34,2023-12-01,18,2,4,0
34,2024-01-01,22,0,1,2
34,2024-02-01,22,0,6,2
34,2024-03-01,20,0,1,2
34,2024-04-01,22,2,6,1
34,2024-05-01,22,0,5,2
34,2024-06-01,18,0,3,2
34,2024-07-01,19,0,0,0
34,2024-08-01,17,0,6,1
34,2024-09-01,21,0,4,0
34,2024-10-01,19,1,3,1
34,2024-11-01,22,1,3,1
34,2024-12-01,17,1,5,0
34,2025-01-01,21,0,5,2
34,2025-02-01,21,0,6,2
34,2025-03-01,21,0,5,0
34,2025-04-01,19,2,0,1
34,2025-05-01,22,1,4,0
34,2025-06-01,19,1,3,1
34,2025-07-01,22,0,3,0
34,2025-08-01,21,0,1,2
34,2025-09-01,20,2,2,2
34,2025-10-01,18,1,5,2
34,2025-11-01,22,1,0,2
34,2025-12-01,21,0,0,0
34,2026-01-01,17,2,4,1
34,2026-02-01,21,2,0,1
34,2026-03-01,18,2,5,2
34,2026-04-01,19,0,3,2
35,2023-10-01,21,0,1,0
35,2023-11-01,18,2,6,1
35,2023-12-01,18,0,1,2
35,2024-01-01,21,0,6,2
35,2024-02-01,20,2,4,0
35,2024-03-01,19,2,0,1
35,2024-04-01,17,0,5,2
35,2024-05-01,20,1,2,0
35,2024-06-01,22,2,1,0
35,2024-07-01,19,2,0,0
35,2024-08-01,19,1,3,1
35,2024-09-01,21,2,2,2
35,2024-10-01,21,0,4,2
35,2024-11-01,19,1,3,0
35,2024-12-01,14,3,6,5
35,2025-01-01,16,3,5,4
35,2025-02-01,15,5,2,5
35,2025-03-01,18,3,5,2
35,2025-04-01,16,3,2,2
36,2022-05-01,22,0,0,2
36,2022-06-01,22,0,6,2
36,2022-07-01,21,1,6,2
36,2022-08-01,18,0,4,1
36,2022-09-01,21,2,3,2
36,2022-10-01,18,1,3,0
36,2022-11-01,21,2,6,1
36,2022-12-01,18,1,4,2
36,2023-01-01,17,1,2,2
36,2023-02-01,17,2,1,2
36,2023-03-01,22,0,6,2
36,2023-04-01,18,1,1,0
36,2023-05-01,21,2,5,0
36,2023-06-01,22,2,3,1
36,2023-07-01,17,0,6,1
36,2023-08-01,18,0,2,1
36,2023-09-01,18,0,5,0
36,2023-10-01,21,1,3,1
36,2023-11-01,20,0,0,2
36,2023-12-01,19,0,5,2
36,2024-01-01,22,1,6,2
36,2024-02-01,19,2,4,2
36,2024-03-01,18,1,5,1
36,2024-04-01,19,2,5,0
36,2024-05-01,21,1,3,0
36,2024-06-01,21,1,2,1
36,2024-07-01,20,1,4,0
36,2024-08-01,21,0,3,0
36,2024-09-01,18,0,4,2
36,2024-10-01,19,0,1,0
36,2024-11-01,18,1,4,2
36,2024-12-01,17,2,1,1
36,2025-01-01,19,2,0,1
36,2025-02-01,22,1,3,0
36,2025-03-01,21,0,5,1
36,2025-04-01,17,0,0,0
36,2025-05-01,21,2,1,0
36,2025-06-01,22,2,0,2
36,2025-07-01,18,0,1,1
36,2025-08-01,18,2,3,2
36,2025-09-01,21,2,0,2
36,2025-10-01,22,2,6,1
36,2025-11-01,17,0,3,2
36,2025-12-01,20,1,1,0
36,2026-01-01,20,2,1,2
36,2026-02-01,18,2,5,2
36,2026-03-01,19,0,5,2
36,2026-04-01,19,1,4,2
37,2025-03-01,17,0,3,1
37,2025-04-01,18,0,0,0
37,2025-05-01,21,2,5,1
37,2025-06-01,18,2,0,0
37,2025-07-01,18,2,6,2
37,2025-08-01,14,3,4,2
37,2025-09-01,17,5,4,4
37,2025-10-01,14,5,1,5
37,2025-11-01,17,2,3,4
38,2023-02-01,20,0,18,0
38,2023-03-01,19,2,18,2
38,2023-04-01,20,1,7,0
38,2023-05-01,22,2,16,0
38,2023-06-01,21,2,5,2
38,2023-07-01,17,1,14,0
38,2023-08-01,22,1,10,1
38,2023-09-01,17,0,10,2
38,2023-10-01,21,1,8,2
38,2023-11-01,20,2,9,2
38,2023-12-01,19,2,10,0
38,2024-01-01,20,2,16,2
38,2024-02-01,20,0,9,2
38,2024-03-01,21,1,8,1
38,2024-04-01,21,1,16,2
38,2024-05-01,20,2,6,2
38,2024-06-01,17,2,7,1
38,2024-07-01,22,0,5,0
38,2024-08-01,21,1,16,1
38,2024-09-01,21,2,15,2
38,2024-10-01,22,0,6,1
38,2024-11-01,22,0,16,0
38,2024-12-01,18,1,18,2
38,2025-01-01,20,0,5,1
38,2025-02-01,18,1,5,2
38,2025-03-01,17,2,10,1
38,2025-04-01,21,2,12,1
38,2025-05-01,22,2,4,0
38,2025-06-01,22,1,11,0
38,2025-07-01,18,2,18,2
38,2025-08-01,19,0,4,2
38,2025-09-01,21,2,15,0
38,2025-10-01,21,0,14,0
38,2025-11-01,19,0,14,0
38,2025-12-01,18,0,8,1
38,2026-01-01,19,2,10,1
38,2026-02-01,21,0,12,0
38,2026-03-01,22,2,5,0
38,2026-04-01,21,1,15,2
39,2022-09-01,21,1,2,1
39,2022-10-01,18,2,1,1
39,2022-11-01,20,2,0,1
39,2022-12-01,18,1,4,0
39,2023-01-01,21,0,4,1
39,2023-02-01,19,0,6,2
39,2023-03-01,19,2,6,2
39,2023-04-01,19,2,3,1
39,2023-05-01,21,1,6,0
39,2023-06-01,19,1,5,1
39,2023-07-01,21,0,3,0
39,2023-08-01,19,0,3,2
39,2023-09-01,18,2,5,0
39,2023-10-01,19,1,2,2
39,2023-11-01,21,0,5,1
39,2023-12-01,18,1,0,1
39,2024-01-01,22,2,6,1
39,2024-02-01,17,2,1,1
39,2024-03-01,19,1,1,2
39,2024-04-01,19,0,5,2
39,2024-05-01,18,1,5,0
39,2024-06-01,18,2,1,1
39,2024-07-01,18,0,1,0
39,2024-08-01,21,1,1,0
39,2024-09-01,17,0,5,2
39,2024-10-01,20,2,0,2
39,2024-11-01,17,1,2,2
39,2024-12-01,19,1,4,1
39,2025-01-01,20,0,6,2
39,2025-02-01,19,1,1,2
39,2025-03-01,18,0,4,1
39,2025-04-01,20,2,0,2
39,2025-05-01,19,1,6,2
39,2025-06-01,18,1,0,2
39,2025-07-01,21,1,2,2
39,2025-08-01,17,0,5,0
39,2025-09-01,20,2,0,1
39,2025-10-01,19,2,6,1
39,2025-11-01,18,2,2,0
39,2025-12-01,19,1,4,1
39,2026-01-01,19,0,3,1
39,2026-02-01,18,1,5,1
39,2026-03-01,19,1,2,1
39,2026-04-01,18,2,1,2
40,2022-05-01,22,0,6,0
40,2022-06-01,22,1,6,0
40,2022-07-01,21,1,6,1
40,2022-08-01,18,0,6,2
40,2022-09-01,18,1,6,0
40,2022-10-01,18,1,3,0
40,2022-11-01,22,2,4,2
40,2022-12-01,19,1,2,1
40,2023-01-01,21,2,0,1
40,2023-02-01,17,2,1,0
40,2023-03-01,18,1,3,2
40,2023-04-01,17,1,5,1
40,2023-05-01,19,1,2,2
40,2023-06-01,21,1,2,0
40,2023-07-01,20,0,2,2
40,2023-08-01,21,0,4,2
40,2023-09-01,19,3,6,4
40,2023-10-01,14,5,6,5
40,2023-11-01,14,4,3,3
40,2023-12-01,14,4,3,5
40,2024-01-01,14,3,2,4
41,2023-05-01,19,2,8,2
41,2023-06-01,19,2,14,1
41,2023-07-01,19,1,16,1
41,2023-08-01,17,5,20,2
41,2023-09-01,15,3,23,2
41,2023-10-01,14,5,18,5
41,2023-11-01,19,2,27,2
41,2023-12-01,14,3,27,3
43,2023-08-01,18,2,8,1
43,2023-09-01,22,0,6,2
43,2023-10-01,18,0,4,2
43,2023-11-01,19,1,17,1
43,2023-12-01,20,2,18,1
43,2024-01-01,21,1,6,2
43,2024-02-01,21,0,13,2
43,2024-03-01,20,2,15,2
43,2024-04-01,21,1,12,2
43,2024-05-01,22,2,8,1
43,2024-06-01,20,2,7,0
43,2024-07-01,20,1,9,1
43,2024-08-01,19,0,8,0
43,2024-09-01,17,2,17,0
43,2024-10-01,19,1,11,2
43,2024-11-01,17,2,18,1
43,2024-12-01,20,1,4,1
43,2025-01-01,19,2,7,0
43,2025-02-01,21,1,7,1
43,2025-03-01,21,1,10,0
43,2025-04-01,18,2,15,2
43,2025-05-01,20,1,7,1
43,2025-06-01,17,1,14,0
43,2025-07-01,21,2,16,2
43,2025-08-01,22,1,8,2
43,2025-09-01,22,2,16,1
43,2025-10-01,20,0,17,0
43,2025-11-01,18,0,8,0
43,2025-12-01,22,1,13,1
43,2026-01-01,19,2,13,1
43,2026-02-01,18,1,4,0
43,2026-03-01,17,2,4,0
43,2026-04-01,17,1,8,0
44,2025-07-01,22,1,5,0
44,2025-08-01,18,0,1,0
44,2025-09-01,20,0,2,1
44,2025-10-01,19,1,2,1
44,2025-11-01,22,0,2,0
44,2025-12-01,18,0,2,1
44,2026-01-01,17,2,3,0
44,2026-02-01,18,1,6,1
44,2026-03-01,17,0,6,2
44,2026-04-01,18,1,6,1
45,2022-04-01,18,2,4,0
45,2022-05-01,20,2,16,0
45,2022-06-01,21,2,7,1
45,2022-07-01,20,2,8,1
45,2022-08-01,18,2,15,0
45,2022-09-01,22,2,12,0
45,2022-10-01,19,1,14,1
45,2022-11-01,18,1,18,0
45,2022-12-01,20,2,28,2
45,2023-01-01,16,2,22,2
45,2023-02-01,16,5,19,2
45,2023-03-01,14,5,25,2
45,2023-04-01,14,3,18,5
46,2025-02-01,18,1,4,2
46,2025-03-01,19,1,5,0
46,2025-04-01,17,2,3,1
46,2025-05-01,22,0,2,0
46,2025-06-01,20,2,3,2
46,2025-07-01,19,2,5,1
46,2025-08-01,18,2,1,2
46,2025-09-01,19,1,5,1
46,2025-10-01,19,2,6,2
46,2025-11-01,18,0,4,0
46,2025-12-01,20,1,6,1
46,2026-01-01,21,1,3,0
46,2026-02-01,22,2,3,2
46,2026-03-01,18,0,4,1
46,2026-04-01,21,0,2,2
47,2025-11-01,17,2,4,1
47,2025-12-01,18,2,5,1
47,2026-01-01,21,0,4,1
47,2026-02-01,19,1,5,1
47,2026-03-01,17,0,4,2
47,2026-04-01,17,0,6,0
48,2025-04-01,18,0,1,0
48,2025-05-01,20,0,0,0
48,2025-06-01,21,2,6,1
48,2025-07-01,22,1,4,2
48,2025-08-01,22,2,2,0
48,2025-09-01,19,0,4,2
48,2025-10-01,17,0,1,2
48,2025-11-01,20,0,3,2
48,2025-12-01,17,1,4,2
48,2026-01-01,20,1,6,2
48,2026-02-01,17,2,2,2
48,2026-03-01,17,2,0,1
48,2026-04-01,17,0,4,0
49,2024-01-01,17,2,1,2
49,2024-02-01,20,0,1,2
49,2024-03-01,22,0,4,2
49,2024-04-01,18,2,5,2
49,2024-05-01,20,2,0,2
49,2024-06-01,21,1,5,1
49,2024-07-01,22,2,3,0
49,2024-08-01,18,0,4,1
49,2024-09-01,21,1,5,0
49,2024-10-01,21,2,3,1
49,2024-11-01,19,2,2,1
49,2024-12-01,20,2,3,2
49,2025-01-01,19,2,1,2
49,2025-02-01,21,0,3,2
49,2025-03-01,22,1,2,1
49,2025-04-01,20,1,0,2
49,2025-05-01,17,1,4,0
49,2025-06-01,21,0,2,0
49,2025-07-01,19,0,1,1
49,2025-08-01,17,2,6,1
49,2025-09-01,21,2,4,2
49,2025-10-01,21,0,0,0
49,2025-11-01,20,1,1,0
49,2025-12-01,19,1,4,0
49,2026-01-01,18,1,6,1
49,2026-02-01,17,2,3,2
49,2026-03-01,18,2,0,2
49,2026-04-01,19,1,1,1
50,2023-05-01,22,2,13,0
50,2023-06-01,21,2,8,0
50,2023-07-01,22,2,10,0
50,2023-08-01,17,1,9,1
50,2023-09-01,20,0,17,0
50,2023-10-01,22,2,17,2
50,2023-11-01,17,2,16,2
50,2023-12-01,20,0,8,2
50,2024-01-01,17,1,12,2
50,2024-02-01,18,1,12,2
50,2024-03-01,18,0,4,2
50,2024-04-01,22,1,11,2
50,2024-05-01,21,2,5,0
50,2024-06-01,20,1,16,1
50,2024-07-01,18,0,9,0
50,2024-08-01,20,2,15,0
50,2024-09-01,21,1,8,0
50,2024-10-01,20,2,10,2
50,2024-11-01,18,0,11,2
50,2024-12-01,18,1,10,2
50,2025-01-01,21,0,12,2
50,2025-02-01,22,2,7,0
50,2025-03-01,17,1,16,1
50,2025-04-01,19,2,18,2
50,2025-05-01,17,0,14,1
50,2025-06-01,20,1,9,0
50,2025-07-01,19,1,13,2
50,2025-08-01,17,1,6,1
50,2025-09-01,21,1,13,0
50,2025-10-01,20,0,18,0
50,2025-11-01,18,2,9,0
50,2025-12-01,22,0,5,2
50,2026-01-01,17,0,13,0
50,2026-02-01,19,0,9,2
50,2026-03-01,17,1,11,1
50,2026-04-01,17,1,7,2
51,2024-04-01,21,0,1,2
51,2024-05-01,21,1,4,1
51,2024-06-01,21,2,1,2
51,2024-07-01,22,2,0,1
51,2024-08-01,21,2,4,0
51,2024-09-01,19,0,0,1
51,2024-10-01,18,2,4,1
51,2024-11-01,17,1,5,0
51,2024-12-01,17,1,5,1
51,2025-01-01,22,2,2,0
51,2025-02-01,17,1,6,2
51,2025-03-01,20,0,3,2
51,2025-04-01,22,0,2,1
51,2025-05-01,21,2,0,0
51,2025-06-01,18,2,3,2
51,2025-07-01,22,0,0,0
51,2025-08-01,21,1,2,1
51,2025-09-01,20,2,1,0
51,2025-10-01,19,2,2,1
51,2025-11-01,22,1,1,2
51,2025-12-01,19,0,5,1
51,2026-01-01,20,0,4,1
51,2026-02-01,18,0,2,1
51,2026-03-01,22,0,0,2
51,2026-04-01,20,2,5,2
52,2023-04-01,22,2,1,1
52,2023-05-01,18,2,1,1
52,2023-06-01,19,2,2,1
52,2023-07-01,21,0,1,2
52,2023-08-01,18,2,4,2
52,2023-09-01,18,0,2,2
52,2023-10-01,22,2,1,1
52,2023-11-01,18,2,4,0
52,2023-12-01,19,0,4,2
52,2024-01-01,22,0,1,1
52,2024-02-01,18,2,0,1
52,2024-03-01,20,1,2,1
52,2024-04-01,22,2,5,1
52,2024-05-01,18,0,0,0
52,2024-06-01,18,0,6,2
52,2024-07-01,21,1,4,2
52,2024-08-01,21,0,4,0
52,2024-09-01,18,2,0,1
52,2024-10-01,17,2,6,1
52,2024-11-01,18,2,6,2
52,2024-12-01,20,2,5,1
52,2025-01-01,18,1,3,1
52,2025-02-01,18,0,1,0
52,2025-03-01,17,1,6,0
52,2025-04-01,19,1,1,2
52,2025-05-01,22,0,6,0
52,2025-06-01,17,0,3,2
52,2025-07-01,20,2,2,1
52,2025-08-01,18,1,3,0
52,2025-09-01,21,2,6,1
52,2025-10-01,22,1,3,2
52,2025-11-01,22,2,4,2
52,2025-12-01,21,2,5,0
52,2026-01-01,21,0,3,1
52,2026-02-01,17,0,4,2
52,2026-03-01,20,2,0,2
52,2026-04-01,20,2,6,2
53,2023-11-01,17,0,2,1
53,2023-12-01,20,1,6,1
53,2024-01-01,20,0,3,1
53,2024-02-01,21,0,5,2
53,2024-03-01,18,1,6,2
53,2024-04-01,20,0,5,2
53,2024-05-01,17,0,6,2
53,2024-06-01,22,2,1,1
53,2024-07-01,20,1,3,0
53,2024-08-01,18,1,4,2
53,2024-09-01,18,1,0,1
53,2024-10-01,19,2,5,2
53,2024-11-01,18,2,5,0
53,2024-12-01,17,0,5,1
53,2025-01-01,22,1,0,2
53,2025-02-01,22,1,5,2
53,2025-03-01,21,0,3,2
53,2025-04-01,20,0,6,0
53,2025-05-01,19,2,6,2
53,2025-06-01,18,0,6,0
53,2025-07-01,18,2,0,1
53,2025-08-01,19,1,5,1
53,2025-09-01,19,2,1,0
53,2025-10-01,18,0,0,2
53,2025-11-01,19,0,3,1
53,2025-12-01,20,2,6,0
53,2026-01-01,21,1,1,0
53,2026-02-01,21,2,3,1
53,2026-03-01,20,1,0,2
53,2026-04-01,21,0,1,2
54,2023-05-01,19,2,5,2
54,2023-06-01,18,0,1,0
54,2023-07-01,17,2,2,0
54,2023-08-01,18,0,5,2
54,2023-09-01,21,1,2,0
54,2023-10-01,17,0,3,0
54,2023-11-01,18,2,2,2
54,2023-12-01,22,2,5,2
54,2024-01-01,21,2,1,1
54,2024-02-01,18,4,0,4
54,2024-03-01,14,5,6,5
54,2024-04-01,17,4,3,2
54,2024-05-01,18,4,4,3
54,2024-06-01,20,2,0,2
55,2023-04-01,20,2,5,2
55,2023-05-01,22,1,3,2
55,2023-06-01,19,1,4,2
55,2023-07-01,21,1,1,2
55,2023-08-01,21,1,4,2
55,2023-09-01,22,1,3,0
55,2023-10-01,21,0,5,1
55,2023-11-01,18,0,0,0
55,2023-12-01,20,2,6,0
55,2024-01-01,22,0,6,2
55,2024-02-01,20,1,0,1
55,2024-03-01,19,2,6,2
55,2024-04-01,18,0,5,0
55,2024-05-01,22,1,2,0
55,2024-06-01,19,1,4,2
55,2024-07-01,19,0,0,2
55,2024-08-01,14,5,5,2
55,2024-09-01,14,4,6,5
55,2024-10-01,17,3,3,5
55,2024-11-01,16,5,6,2
55,2024-12-01,17,4,4,2
56,2024-03-01,18,2,5,1
56,2024-04-01,19,0,1,1
56,2024-05-01,17,1,3,2
56,2024-06-01,21,0,4,2
56,2024-07-01,20,0,4,0
56,2024-08-01,19,2,6,1
56,2024-09-01,22,0,2,1
56,2024-10-01,17,1,1,1
56,2024-11-01,20,1,1,2
56,2024-12-01,19,0,0,1
56,2025-01-01,17,0,0,1
56,2025-02-01,21,0,6,1
56,2025-03-01,21,0,1,1
56,2025-04-01,20,2,6,2
56,2025-05-01,19,1,1,0
56,2025-06-01,21,2,1,0
56,2025-07-01,22,0,3,1
56,2025-08-01,22,2,0,0
56,2025-09-01,19,0,5,2
56,2025-10-01,17,1,3,0
56,2025-11-01,17,2,6,2
56,2025-12-01,22,1,0,2
56,2026-01-01,19,2,1,1
56,2026-02-01,18,0,2,1
56,2026-03-01,21,1,6,1
56,2026-04-01,22,0,2,0
57,2022-08-01,18,1,5,0
57,2022-09-01,21,2,12,0
57,2022-10-01,18,2,9,2
57,2022-11-01,19,1,6,2
57,2022-12-01,19,2,7,0
57,2023-01-01,17,1,13,1
57,2023-02-01,21,1,4,0
57,2023-03-01,17,1,18,2
57,2023-04-01,17,0,10,0
57,2023-05-01,17,1,10,0
57,2023-06-01,22,2,18,2
57,2023-07-01,22,2,15,1
57,2023-08-01,21,1,8,1
57,2023-09-01,18,2,16,2
57,2023-10-01,21,0,18,1
57,2023-11-01,21,0,5,2
57,2023-12-01,20,0,11,1
57,2024-01-01,22,2,15,1
57,2024-02-01,20,0,7,0
57,2024-03-01,21,1,18,1
57,2024-04-01,20,0,15,2
57,2024-05-01,19,1,11,1
57,2024-06-01,17,0,11,0
57,2024-07-01,19,1,11,0
57,2024-08-01,19,1,13,2
57,2024-09-01,18,2,5,1
57,2024-10-01,22,0,9,2
57,2024-11-01,22,0,16,1
57,2024-12-01,21,1,10,2
57,2025-01-01,20,0,13,0
57,2025-02-01,21,0,11,1
57,2025-03-01,17,1,7,2
57,2025-04-01,21,1,16,1
57,2025-05-01,21,1,12,2
57,2025-06-01,18,0,14,2
57,2025-07-01,17,2,18,2
57,2025-08-01,21,1,5,2
57,2025-09-01,21,1,9,2
57,2025-10-01,17,1,6,1
57,2025-11-01,20,0,13,0
57,2025-12-01,22,2,16,1
57,2026-01-01,19,1,14,2
57,2026-02-01,17,0,7,0
57,2026-03-01,21,2,16,0
57,2026-04-01,18,2,6,1
58,2023-06-01,21,1,10,2
58,2023-07-01,21,1,7,0
58,2023-08-01,22,1,8,2
58,2023-09-01,22,1,18,1
58,2023-10-01,22,1,5,2
58,2023-11-01,17,2,12,1
58,2023-12-01,18,1,4,1
58,2024-01-01,21,0,4,2
58,2024-02-01,21,1,5,1
58,2024-03-01,17,0,10,2
58,2024-04-01,21,1,14,1
58,2024-05-01,22,1,10,1
58,2024-06-01,20,2,7,2
58,2024-07-01,18,1,6,0
58,2024-08-01,21,1,17,1
58,2024-09-01,20,0,8,2
58,2024-10-01,18,0,4,0
58,2024-11-01,22,0,6,2
58,2024-12-01,15,5,17,5
58,2025-01-01,15,5,20,5
58,2025-02-01,16,5,22,5
58,2025-03-01,16,5,22,4
58,2025-04-01,16,4,16,5
59,2023-01-01,22,1,5,2
59,2023-02-01,20,2,5,0
59,2023-03-01,22,2,12,1
59,2023-04-01,20,2,5,2
59,2023-05-01,21,0,7,1
59,2023-06-01,22,2,14,2
59,2023-07-01,17,2,14,2
59,2023-08-01,21,1,13,0
59,2023-09-01,19,2,16,0
59,2023-10-01,20,1,12,1
59,2023-11-01,21,2,9,1
59,2023-12-01,19,1,8,0
59,2024-01-01,17,2,18,2
59,2024-02-01,22,1,15,2
59,2024-03-01,19,0,14,1
59,2024-04-01,21,0,13,0
59,2024-05-01,22,1,16,2
59,2024-06-01,21,0,8,1
59,2024-07-01,17,0,12,0
59,2024-08-01,19,1,6,2
59,2024-09-01,19,1,17,1
59,2024-10-01,17,2,5,2
59,2024-11-01,18,2,15,0
59,2024-12-01,22,1,9,0
59,2025-01-01,19,2,7,1
59,2025-02-01,16,2,17,3
59,2025-03-01,15,5,29,3
59,2025-04-01,14,4,23,2
59,2025-05-01,14,5,24,3
59,2025-06-01,15,5,23,5
60,2024-06-01,17,1,6,1
60,2024-07-01,20,2,2,2
60,2024-08-01,22,0,0,2
60,2024-09-01,22,1,6,1
60,2024-10-01,21,2,6,1
60,2024-11-01,19,1,2,0
60,2024-12-01,19,2,4,1
60,2025-01-01,20,2,5,0
60,2025-02-01,22,2,4,0
60,2025-03-01,21,1,5,2
60,2025-04-01,18,1,4,0
60,2025-05-01,22,0,6,0
60,2025-06-01,17,1,0,2
60,2025-07-01,17,2,3,1
60,2025-08-01,18,2,2,1
60,2025-09-01,18,0,0,2
60,2025-10-01,17,0,4,2
60,2025-11-01,18,2,5,0
60,2025-12-01,20,2,6,3
60,2026-01-01,17,3,0,3
60,2026-02-01,14,5,5,5
60,2026-03-01,15,4,2,2
60,2026-04-01,14,5,3,2
61,2024-04-01,19,1,1,1
61,2024-05-01,17,1,1,2
61,2024-06-01,20,0,5,1
61,2024-07-01,17,0,4,1
61,2024-08-01,18,2,5,0
61,2024-09-01,20,2,2,0
61,2024-10-01,15,2,4,4
61,2024-11-01,15,5,1,2
61,2024-12-01,14,5,2,4
61,2025-01-01,18,2,4,5
61,2025-02-01,15,5,6,2
62,2024-04-01,21,0,4,1
62,2024-05-01,22,1,5,2
62,2024-06-01,21,1,9,2
62,2024-07-01,19,1,4,2
62,2024-08-01,22,0,9,2
62,2024-09-01,19,0,17,1
62,2024-10-01,19,2,7,0
62,2024-11-01,21,0,10,2
62,2024-12-01,18,1,15,1
62,2025-01-01,17,2,15,1
62,2025-02-01,20,0,18,2
62,2025-03-01,20,2,7,0
62,2025-04-01,17,0,4,2
62,2025-05-01,21,0,11,1
62,2025-06-01,17,2,14,1
62,2025-07-01,20,2,17,1
62,2025-08-01,17,0,9,0
62,2025-09-01,19,2,4,1
62,2025-10-01,17,0,16,2
62,2025-11-01,22,2,11,2
62,2025-12-01,18,3,17,3
62,2026-01-01,18,2,16,3
62,2026-02-01,15,2,24,5
62,2026-03-01,19,2,18,5
62,2026-04-01,18,3,21,4
63,2025-10-01,17,5,2,3
63,2025-11-01,17,2,4,4
63,2025-12-01,14,4,1,3
63,2026-01-01,19,3,3,2
64,2025-07-01,18,0,6,2
64,2025-08-01,21,1,6,0
64,2025-09-01,17,1,0,0
64,2025-10-01,17,0,0,2
64,2025-11-01,22,2,2,1
64,2025-12-01,22,1,5,0
64,2026-01-01,18,0,5,1
64,2026-02-01,21,1,3,0
64,2026-03-01,18,2,5,0
64,2026-04-01,21,0,5,1
65,2023-09-01,21,0,14,1
65,2023-10-01,19,1,4,2
65,2023-11-01,18,0,5,2
65,2023-12-01,17,2,9,2
65,2024-01-01,21,0,11,2
65,2024-02-01,22,0,8,0
65,2024-03-01,18,0,16,0
65,2024-04-01,22,1,11,0
65,2024-05-01,18,2,18,0
65,2024-06-01,17,2,9,1
65,2024-07-01,18,1,8,1
65,2024-08-01,21,1,4,0
65,2024-09-01,22,0,18,2
65,2024-10-01,18,0,16,0
65,2024-11-01,20,2,5,0
65,2024-12-01,14,5,25,3
65,2025-01-01,18,4,18,3
65,2025-02-01,14,5,21,3
65,2025-03-01,14,5,28,3
65,2025-04-01,18,3,26,5
66,2025-07-01,22,0,5,1
66,2025-08-01,19,0,2,0
66,2025-09-01,17,2,4,0
66,2025-10-01,19,0,0,1
66,2025-11-01,20,1,1,1
66,2025-12-01,18,1,4,0
66,2026-01-01,22,2,1,2
66,2026-02-01,21,0,0,1
66,2026-03-01,21,1,6,0
66,2026-04-01,21,1,6,1
67,2024-03-01,19,0,15,1
67,2024-04-01,22,0,7,1
67,2024-05-01,20,2,7,2
67,2024-06-01,18,2,18,0
67,2024-07-01,20,0,4,1
67,2024-08-01,22,2,4,1
67,2024-09-01,21,1,11,2
67,2024-10-01,17,1,11,0
67,2024-11-01,17,2,16,0
67,2024-12-01,22,2,10,0
67,2025-01-01,18,1,8,0
67,2025-02-01,20,2,24,5
67,2025-03-01,19,2,29,5
67,2025-04-01,14,5,15,2
67,2025-05-01,16,4,16,5
67,2025-06-01,16,3,17,4
68,2025-02-01,22,0,4,2
68,2025-03-01,19,0,0,1
68,2025-04-01,19,1,4,0
68,2025-05-01,19,1,1,2
68,2025-06-01,21,2,0,2
68,2025-07-01,22,0,1,1
68,2025-08-01,18,2,0,2
68,2025-09-01,20,2,6,2
68,2025-10-01,19,3,2,4
68,2025-11-01,16,5,2,2
68,2025-12-01,14,5,3,2
68,2026-01-01,16,4,3,4
68,2026-02-01,20,2,1,2
69,2024-06-01,17,1,18,0
69,2024-07-01,19,0,5,0
69,2024-08-01,19,0,15,0
69,2024-09-01,20,0,17,0
69,2024-10-01,21,2,4,1
69,2024-11-01,20,2,12,0
69,2024-12-01,20,1,10,1
69,2025-01-01,22,2,4,1
69,2025-02-01,18,0,4,0
69,2025-03-01,21,2,9,1
69,2025-04-01,21,1,14,2
69,2025-05-01,19,1,13,2
69,2025-06-01,22,2,17,2
69,2025-07-01,20,1,8,2
69,2025-08-01,18,1,6,1
69,2025-09-01,18,1,9,1
69,2025-10-01,17,0,9,1
69,2025-11-01,20,0,13,0
69,2025-12-01,22,2,8,0
69,2026-01-01,18,2,15,2
69,2026-02-01,18,0,7,0
69,2026-03-01,17,1,13,0
69,2026-04-01,20,1,9,0
70,2025-01-01,18,2,5,0
70,2025-02-01,22,1,2,0
70,2025-03-01,19,1,4,0
70,2025-04-01,21,1,0,0
70,2025-05-01,20,1,6,0
70,2025-06-01,20,1,1,0
70,2025-07-01,22,2,4,1
70,2025-08-01,22,2,2,1
70,2025-09-01,19,2,5,0
70,2025-10-01,21,2,3,1
70,2025-11-01,22,0,5,1
70,2025-12-01,17,0,5,2
70,2026-01-01,17,1,0,1
70,2026-02-01,21,0,3,1
70,2026-03-01,17,1,0,2
70,2026-04-01,22,0,4,2
71,2024-07-01,18,1,1,0
71,2024-08-01,17,2,6,1
71,2024-09-01,20,2,4,3
71,2024-10-01,18,2,5,5
71,2024-11-01,14,5,2,4
71,2024-12-01,14,4,2,5
71,2025-01-01,18,3,5,5
72,2022-06-01,20,1,6,2
72,2022-07-01,20,2,18,1
72,2022-08-01,18,2,13,0
72,2022-09-01,18,0,8,1
72,2022-10-01,21,1,5,2
72,2022-11-01,20,0,4,1
72,2022-12-01,22,1,10,0
72,2023-01-01,21,1,15,2
72,2023-02-01,18,0,6,1
72,2023-03-01,19,2,11,0
72,2023-04-01,19,2,8,1
72,2023-05-01,21,2,11,0
72,2023-06-01,17,0,6,1
72,2023-07-01,19,2,17,2
72,2023-08-01,20,0,14,2
72,2023-09-01,19,1,6,1
72,2023-10-01,22,2,7,0
72,2023-11-01,17,1,11,0
72,2023-12-01,21,2,9,2
72,2024-01-01,20,2,10,1
72,2024-02-01,22,2,11,2
72,2024-03-01,17,1,12,2
72,2024-04-01,21,0,17,1
72,2024-05-01,18,2,4,0
72,2024-06-01,19,1,18,2
72,2024-07-01,18,1,6,0
72,2024-08-01,19,1,10,2
72,2024-09-01,19,0,8,1
72,2024-10-01,21,2,18,0
72,2024-11-01,21,0,16,2
72,2024-12-01,18,0,13,0
72,2025-01-01,21,1,17,1
72,2025-02-01,22,1,8,2
72,2025-03-01,22,2,9,0
72,2025-04-01,21,2,9,0
72,2025-05-01,17,0,12,1
72,2025-06-01,19,1,10,1
72,2025-07-01,18,0,7,0
72,2025-08-01,21,0,17,0
72,2025-09-01,21,2,15,2
72,2025-10-01,21,2,12,2
72,2025-11-01,17,1,11,0
72,2025-12-01,17,0,18,0
72,2026-01-01,20,1,8,2
72,2026-02-01,19,0,17,1
72,2026-03-01,21,2,16,1
72,2026-04-01,18,2,8,0
73,2025-01-01,22,0,7,0
73,2025-02-01,22,0,15,0
73,2025-03-01,19,0,7,0
73,2025-04-01,17,1,15,0
73,2025-05-01,17,0,16,1
73,2025-06-01,20,0,7,0
73,2025-07-01,17,2,12,2
73,2025-08-01,17,1,5,1
73,2025-09-01,17,0,8,2
73,2025-10-01,17,0,16,0
73,2025-11-01,21,0,13,0
73,2025-12-01,14,4,17,4
73,2026-01-01,17,4,22,2
73,2026-02-01,15,2,21,3
73,2026-03-01,17,2,18,5
73,2026-04-01,16,3,18,4
74,2024-05-01,20,1,1,2
74,2024-06-01,18,1,0,1
74,2024-07-01,17,1,0,2
74,2024-08-01,18,1,6,1
74,2024-09-01,22,1,4,2
74,2024-10-01,17,0,2,1
74,2024-11-01,17,1,2,1
74,2024-12-01,21,2,2,2
74,2025-01-01,20,0,4,1
74,2025-02-01,19,1,1,0
74,2025-03-01,20,2,2,0
74,2025-04-01,17,2,3,2
74,2025-05-01,17,1,3,2
74,2025-06-01,22,2,0,0
74,2025-07-01,18,1,3,2
74,2025-08-01,21,0,5,0
74,2025-09-01,17,1,1,1
74,2025-10-01,18,2,6,1
74,2025-11-01,17,0,6,1
74,2025-12-01,18,4,6,4
74,2026-01-01,18,4,3,5
74,2026-02-01,16,4,1,2
74,2026-03-01,14,5,3,3
74,2026-04-01,15,2,6,5
75,2022-01-01,22,0,1,1
75,2022-02-01,21,2,2,0
75,2022-03-01,19,2,4,0
75,2022-04-01,17,2,6,2
75,2022-05-01,20,1,1,1
75,2022-06-01,22,1,3,2
75,2022-07-01,19,2,2,2
75,2022-08-01,21,0,6,0
75,2022-09-01,20,0,3,1
75,2022-10-01,19,1,3,1
75,2022-11-01,17,0,1,2
75,2022-12-01,22,1,5,0
75,2023-01-01,20,1,1,1
75,2023-02-01,22,1,3,0
75,2023-03-01,21,2,3,2
75,2023-04-01,21,2,4,2
75,2023-05-01,20,1,4,0
75,2023-06-01,21,0,3,1
75,2023-07-01,20,2,3,2
75,2023-08-01,22,1,6,1
75,2023-09-01,19,0,0,2
75,2023-10-01,17,0,6,1
75,2023-11-01,19,2,4,0
75,2023-12-01,22,1,3,0
75,2024-01-01,20,1,2,1
75,2024-02-01,19,0,5,0
75,2024-03-01,18,0,5,1
75,2024-04-01,21,0,5,0
75,2024-05-01,19,0,2,0
75,2024-06-01,17,2,2,0
75,2024-07-01,20,2,6,1
75,2024-08-01,21,2,3,1
75,2024-09-01,17,2,3,2
75,2024-10-01,17,1,3,2
75,2024-11-01,20,1,4,0
75,2024-12-01,20,0,5,2
75,2025-01-01,18,1,3,2
75,2025-02-01,22,1,1,2
75,2025-03-01,19,1,3,0
75,2025-04-01,20,2,6,0
75,2025-05-01,21,0,2,1
75,2025-06-01,17,1,4,1
75,2025-07-01,18,2,5,0
75,2025-08-01,22,2,0,2
75,2025-09-01,19,1,0,2
75,2025-10-01,21,1,3,0
75,2025-11-01,19,0,5,1
75,2025-12-01,21,1,3,2
75,2026-01-01,21,1,1,1
75,2026-02-01,20,1,4,2
75,2026-03-01,20,2,6,2
75,2026-04-01,18,0,5,2
76,2024-05-01,21,0,4,1
76,2024-06-01,18,2,6,2
76,2024-07-01,20,1,5,2
76,2024-08-01,21,1,4,2
76,2024-09-01,22,0,4,0
76,2024-10-01,19,1,1,0
76,2024-11-01,18,2,5,1
76,2024-12-01,20,1,2,0
76,2025-01-01,22,0,6,1
76,2025-02-01,19,1,5,0
76,2025-03-01,19,2,4,0
76,2025-04-01,20,0,0,0
76,2025-05-01,18,0,1,1
76,2025-06-01,20,1,4,1
76,2025-07-01,20,2,0,0
76,2025-08-01,18,1,1,0
76,2025-09-01,19,1,5,2
76,2025-10-01,18,2,6,0
76,2025-11-01,22,1,6,0
76,2025-12-01,17,0,2,2
76,2026-01-01,19,0,3,1
76,2026-02-01,22,2,0,1
76,2026-03-01,22,0,1,0
76,2026-04-01,21,2,4,0
77,2023-03-01,21,2,6,2
77,2023-04-01,21,1,3,0
77,2023-05-01,18,2,0,1
77,2023-06-01,19,2,5,1
77,2023-07-01,22,2,1,1
77,2023-08-01,18,0,0,0
77,2023-09-01,18,1,3,1
77,2023-10-01,19,2,0,1
77,2023-11-01,21,1,5,0
77,2023-12-01,19,2,3,1
77,2024-01-01,22,0,2,0
77,2024-02-01,19,1,5,1
77,2024-03-01,19,0,5,2
77,2024-04-01,17,2,5,0
77,2024-05-01,22,2,1,1
77,2024-06-01,21,1,2,2
77,2024-07-01,22,1,6,2
77,2024-08-01,17,2,6,0
77,2024-09-01,20,1,0,1
77,2024-10-01,19,1,0,0
77,2024-11-01,19,0,6,0
77,2024-12-01,20,2,2,2
77,2025-01-01,20,0,2,0
77,2025-02-01,20,1,5,1
77,2025-03-01,19,2,3,0
77,2025-04-01,18,2,2,2
77,2025-05-01,17,1,3,2
77,2025-06-01,22,2,5,1
77,2025-07-01,20,2,0,0
77,2025-08-01,22,2,1,2
77,2025-09-01,20,2,1,0
77,2025-10-01,20,0,5,1
77,2025-11-01,19,2,0,0
77,2025-12-01,18,0,4,2
77,2026-01-01,22,0,6,2
77,2026-02-01,22,1,6,1
77,2026-03-01,20,1,6,2
77,2026-04-01,18,1,1,2
78,2024-03-01,21,1,16,1
78,2024-04-01,18,0,10,1
78,2024-05-01,18,1,18,1
78,2024-06-01,21,0,4,0
78,2024-07-01,21,2,13,2
78,2024-08-01,18,0,11,0
78,2024-09-01,19,2,17,0
78,2024-10-01,17,1,13,1
78,2024-11-01,21,1,6,0
78,2024-12-01,19,0,13,0
78,2025-01-01,17,2,12,1
78,2025-02-01,20,2,11,0
78,2025-03-01,18,2,7,0
78,2025-04-01,14,5,19,3
78,2025-05-01,17,4,21,3
78,2025-06-01,18,2,23,5
78,2025-07-01,14,5,15,3
78,2025-08-01,14,5,21,5
79,2024-03-01,22,1,5,2
79,2024-04-01,19,0,0,2
79,2024-05-01,17,0,2,0
79,2024-06-01,20,1,4,2
79,2024-07-01,21,2,5,0
79,2024-08-01,17,1,4,2
79,2024-09-01,20,1,3,2
79,2024-10-01,19,0,4,0
79,2024-11-01,21,0,2,0
79,2024-12-01,21,1,2,1
79,2025-01-01,18,0,2,2
79,2025-02-01,21,1,1,1
79,2025-03-01,17,1,0,0
79,2025-04-01,20,1,5,1
79,2025-05-01,20,1,2,2
79,2025-06-01,19,2,2,1
79,2025-07-01,18,1,5,1
79,2025-08-01,18,2,6,2
79,2025-09-01,22,1,0,0
79,2025-10-01,18,0,1,0
79,2025-11-01,17,1,2,0
79,2025-12-01,22,1,3,0
79,2026-01-01,20,0,3,1
79,2026-02-01,22,2,3,1
79,2026-03-01,20,0,6,2
79,2026-04-01,18,0,2,0
80,2024-05-01,18,1,6,0
80,2024-06-01,22,2,17,1
80,2024-07-01,21,2,13,0
80,2024-08-01,21,0,12,2
80,2024-09-01,18,1,18,0
80,2024-10-01,18,1,14,0
80,2024-11-01,19,0,8,2
80,2024-12-01,22,0,10,1
80,2025-01-01,21,0,17,1
80,2025-02-01,18,0,5,1
80,2025-03-01,22,2,11,1
80,2025-04-01,22,1,13,2
80,2025-05-01,17,1,4,2
80,2025-06-01,21,1,9,2
80,2025-07-01,22,2,6,0
80,2025-08-01,17,2,8,1
80,2025-09-01,17,2,5,2
80,2025-10-01,21,1,5,1
80,2025-11-01,19,0,7,1
80,2025-12-01,14,3,27,4
80,2026-01-01,19,3,24,5
80,2026-02-01,19,3,18,3
80,2026-03-01,15,5,23,5
80,2026-04-01,14,4,20,5
81,2023-07-01,17,0,4,1
81,2023-08-01,20,2,1,2
81,2023-09-01,22,2,1,1
81,2023-10-01,21,2,5,2
81,2023-11-01,17,1,3,1
81,2023-12-01,17,1,2,0
81,2024-01-01,18,2,2,0
81,2024-02-01,21,1,2,2
81,2024-03-01,17,2,0,0
81,2024-04-01,21,0,4,1
81,2024-05-01,20,0,3,2
81,2024-06-01,22,2,6,1
81,2024-07-01,19,1,4,0
81,2024-08-01,21,0,0,2
81,2024-09-01,22,1,1,0
81,2024-10-01,20,0,0,1
81,2024-11-01,22,1,2,2
81,2024-12-01,22,1,6,2
81,2025-01-01,20,2,6,1
81,2025-02-01,19,0,1,0
81,2025-03-01,17,2,4,1
81,2025-04-01,22,0,3,2
81,2025-05-01,17,0,3,0
81,2025-06-01,17,0,5,1
81,2025-07-01,20,2,3,2
81,2025-08-01,22,2,5,1
81,2025-09-01,19,2,6,2
81,2025-10-01,19,2,5,2
81,2025-11-01,22,1,6,1
81,2025-12-01,17,0,1,0
81,2026-01-01,18,0,6,0
81,2026-02-01,22,0,6,0
81,2026-03-01,18,1,5,0
81,2026-04-01,22,0,3,2
82,2024-08-01,21,0,0,1
82,2024-09-01,20,0,3,1
82,2024-10-01,17,0,1,0
82,2024-11-01,22,2,3,1
82,2024-12-01,20,0,6,1
82,2025-01-01,21,0,1,1
82,2025-02-01,21,1,0,1
82,2025-03-01,14,5,3,4
82,2025-04-01,14,5,3,5
82,2025-05-01,16,2,4,5
82,2025-06-01,19,2,2,5
82,2025-07-01,15,5,4,4
83,2023-05-01,20,2,3,0
83,2023-06-01,18,1,5,0
83,2023-07-01,20,1,3,0
83,2023-08-01,21,0,4,2
83,2023-09-01,19,2,6,2
83,2023-10-01,22,1,1,1
83,2023-11-01,22,2,3,1
83,2023-12-01,22,2,5,1
83,2024-01-01,20,0,4,0
83,2024-02-01,19,2,5,0
83,2024-03-01,22,1,1,0
83,2024-04-01,18,0,4,1
83,2024-05-01,14,5,2,3
83,2024-06-01,19,2,2,4
83,2024-07-01,19,3,6,2
83,2024-08-01,14,5,0,3
83,2024-09-01,14,3,3,4
84,2024-01-01,19,0,16,2
84,2024-02-01,19,0,17,2
84,2024-03-01,21,2,14,0
84,2024-04-01,22,0,18,1
84,2024-05-01,20,0,5,2
84,2024-06-01,21,0,17,2
84,2024-07-01,17,2,5,0
84,2024-08-01,22,0,17,0
84,2024-09-01,15,4,29,5
84,2024-10-01,19,3,26,3
84,2024-11-01,14,5,15,5
84,2024-12-01,16,3,23,5
84,2025-01-01,16,3,28,3
85,2023-10-01,20,1,3,1
85,2023-11-01,21,2,2,0
85,2023-12-01,20,0,6,0
85,2024-01-01,22,2,0,0
85,2024-02-01,19,1,3,0
85,2024-03-01,20,0,3,0
85,2024-04-01,22,2,1,2
85,2024-05-01,17,2,5,2
85,2024-06-01,21,1,3,1
85,2024-07-01,22,2,4,1
85,2024-08-01,22,2,2,1
85,2024-09-01,17,1,4,2
85,2024-10-01,18,2,3,1
85,2024-11-01,22,0,4,2
85,2024-12-01,21,2,3,2
85,2025-01-01,19,2,3,0
85,2025-02-01,19,0,0,2
85,2025-03-01,19,1,5,2
85,2025-04-01,22,0,4,2
85,2025-05-01,19,0,0,2
85,2025-06-01,21,1,4,1
85,2025-07-01,22,0,0,0
85,2025-08-01,21,2,2,0
85,2025-09-01,19,2,3,2
85,2025-10-01,17,2,0,1
85,2025-11-01,19,2,4,1
85,2025-12-01,17,0,6,2
85,2026-01-01,17,1,2,2
85,2026-02-01,22,0,3,1
85,2026-03-01,18,2,4,2
85,2026-04-01,22,2,5,2
86,2023-02-01,21,0,2,1
86,2023-03-01,19,2,6,2
86,2023-04-01,21,2,1,2
86,2023-05-01,20,2,5,0
86,2023-06-01,17,1,4,2
86,2023-07-01,18,1,3,0
86,2023-08-01,18,2,3,1
86,2023-09-01,17,0,0,1
86,2023-10-01,18,1,1,1
86,2023-11-01,17,1,5,2
86,2023-12-01,20,2,4,2
86,2024-01-01,20,1,4,1
86,2024-02-01,22,1,3,2
86,2024-03-01,20,2,3,0
86,2024-04-01,18,2,1,1
86,2024-05-01,22,1,1,2
86,2024-06-01,21,2,0,2
86,2024-07-01,18,1,3,0
86,2024-08-01,22,0,4,1
86,2024-09-01,17,2,6,1
86,2024-10-01,14,4,4,2
86,2024-11-01,19,2,2,4
86,2024-12-01,14,5,0,3
86,2025-01-01,19,2,2,3
86,2025-02-01,14,5,0,4
87,2025-03-01,17,0,3,1
87,2025-04-01,21,1,4,1
87,2025-05-01,19,1,3,2
87,2025-06-01,21,0,6,0
87,2025-07-01,21,2,3,1
87,2025-08-01,22,1,1,2
87,2025-09-01,19,0,6,2
87,2025-10-01,22,2,3,1
87,2025-11-01,18,1,2,2
87,2025-12-01,17,2,3,2
87,2026-01-01,19,2,0,0
87,2026-02-01,22,0,4,2
87,2026-03-01,22,1,4,2
87,2026-04-01,17,2,4,0
88,2024-01-01,18,2,4,2
88,2024-02-01,17,2,4,0
88,2024-03-01,20,2,0,0
88,2024-04-01,22,2,1,0
88,2024-05-01,19,0,1,2
88,2024-06-01,21,1,0,2
88,2024-07-01,21,1,3,2
88,2024-08-01,17,1,6,0
88,2024-09-01,19,1,1,1
88,2024-10-01,17,2,2,1
88,2024-11-01,19,0,0,0
88,2024-12-01,21,0,2,0
88,2025-01-01,18,1,6,0
88,2025-02-01,18,1,3,2
88,2025-03-01,18,0,4,1
88,2025-04-01,18,0,5,0
88,2025-05-01,19,1,0,1
88,2025-06-01,18,1,2,1
88,2025-07-01,20,0,0,0
88,2025-08-01,18,2,4,0
88,2025-09-01,20,2,6,2
88,2025-10-01,16,4,0,5
88,2025-11-01,19,2,3,5
88,2025-12-01,20,2,2,2
88,2026-01-01,15,3,2,5
88,2026-02-01,17,3,6,4
89,2024-07-01,21,0,6,0
89,2024-08-01,21,1,4,1
89,2024-09-01,17,0,6,1
89,2024-10-01,21,1,5,0
89,2024-11-01,17,0,3,1
89,2024-12-01,21,1,6,2
89,2025-01-01,20,1,6,2
89,2025-02-01,18,2,6,2
89,2025-03-01,19,0,1,2
89,2025-04-01,21,2,0,1
89,2025-05-01,17,1,5,0
89,2025-06-01,18,2,4,1
89,2025-07-01,20,0,4,2
89,2025-08-01,19,2,2,2
89,2025-09-01,19,2,3,1
89,2025-10-01,18,2,2,1
89,2025-11-01,18,1,4,1
89,2025-12-01,17,2,1,2
89,2026-01-01,17,2,3,0
89,2026-02-01,17,2,1,1
89,2026-03-01,21,2,5,1
89,2026-04-01,20,2,0,2
90,2025-08-01,22,0,4,0
90,2025-09-01,22,1,5,0
90,2025-10-01,15,4,3,2
90,2025-11-01,14,4,1,2
90,2025-12-01,16,2,6,4
90,2026-01-01,14,4,6,3
90,2026-02-01,14,4,0,5
91,2023-05-01,22,2,13,0
91,2023-06-01,17,0,17,2
91,2023-07-01,20,0,17,1
91,2023-08-01,21,2,11,0
91,2023-09-01,21,0,14,2
91,2023-10-01,21,2,14,2
91,2023-11-01,21,0,5,2
91,2023-12-01,18,2,5,0
91,2024-01-01,19,2,17,0
91,2024-02-01,21,2,16,1
91,2024-03-01,18,2,4,2
91,2024-04-01,22,2,13,1
91,2024-05-01,22,2,18,1
91,2024-06-01,17,1,14,2
91,2024-07-01,22,0,17,1
91,2024-08-01,20,1,8,0
91,2024-09-01,22,2,11,1
91,2024-10-01,19,2,16,0
91,2024-11-01,22,0,4,1
91,2024-12-01,20,2,11,1
91,2025-01-01,17,1,7,1
91,2025-02-01,17,2,16,0
91,2025-03-01,22,0,15,1
91,2025-04-01,17,0,7,0
91,2025-05-01,19,1,5,2
91,2025-06-01,22,0,4,1
91,2025-07-01,20,0,13,2
91,2025-08-01,19,1,7,0
91,2025-09-01,20,0,9,0
91,2025-10-01,19,2,16,0
91,2025-11-01,17,2,13,1
91,2025-12-01,17,2,11,2
91,2026-01-01,17,0,4,0
91,2026-02-01,20,1,18,2
91,2026-03-01,17,0,4,1
91,2026-04-01,17,1,13,2
92,2023-05-01,20,0,0,2
92,2023-06-01,17,2,0,1
92,2023-07-01,20,1,0,2
92,2023-08-01,20,0,6,2
92,2023-09-01,22,2,0,1
92,2023-10-01,20,1,6,1
92,2023-11-01,21,2,0,1
92,2023-12-01,22,2,6,0
92,2024-01-01,20,2,2,2
92,2024-02-01,18,0,0,0
92,2024-03-01,21,2,0,2
92,2024-04-01,18,2,1,2
92,2024-05-01,21,1,2,1
92,2024-06-01,20,2,4,1
92,2024-07-01,18,0,1,0
92,2024-08-01,17,0,2,2
92,2024-09-01,20,2,5,1
92,2024-10-01,19,2,4,0
92,2024-11-01,18,1,2,2
92,2024-12-01,19,1,2,0
92,2025-01-01,21,2,5,2
92,2025-02-01,18,0,1,2
92,2025-03-01,21,0,3,1
92,2025-04-01,18,0,5,0
92,2025-05-01,17,1,1,2
92,2025-06-01,20,2,5,1
92,2025-07-01,21,2,2,2
92,2025-08-01,21,1,4,1
92,2025-09-01,20,1,1,0
92,2025-10-01,20,0,3,0
92,2025-11-01,17,2,1,2
92,2025-12-01,18,1,4,0
92,2026-01-01,18,1,5,1
92,2026-02-01,22,1,1,1
92,2026-03-01,18,0,2,0
92,2026-04-01,17,1,0,2
93,2023-11-01,17,0,2,1
93,2023-12-01,18,2,4,1
93,2024-01-01,17,0,1,0
93,2024-02-01,19,0,1,1
93,2024-03-01,22,0,2,2
93,2024-04-01,18,0,1,0
93,2024-05-01,18,1,0,0
93,2024-06-01,22,0,3,2
93,2024-07-01,17,1,1,1
93,2024-08-01,20,0,2,1
93,2024-09-01,22,0,4,2
93,2024-10-01,20,2,0,0
93,2024-11-01,18,0,6,0
93,2024-12-01,18,2,3,2
93,2025-01-01,14,5,5,2
93,2025-02-01,18,3,6,4
93,2025-03-01,15,3,0,4
93,2025-04-01,14,5,1,2
93,2025-05-01,18,2,1,5
94,2023-07-01,22,2,2,1
94,2023-08-01,21,1,1,1
94,2023-09-01,22,1,4,2
94,2023-10-01,20,2,3,1
94,2023-11-01,19,2,3,2
94,2023-12-01,21,2,0,0
94,2024-01-01,18,0,3,0
94,2024-02-01,20,0,2,1
94,2024-03-01,20,2,1,1
94,2024-04-01,19,2,0,0
94,2024-05-01,17,1,3,2
94,2024-06-01,19,0,4,0
94,2024-07-01,20,2,4,1
94,2024-08-01,20,1,3,1
94,2024-09-01,20,1,6,1
94,2024-10-01,19,1,3,0
94,2024-11-01,18,1,1,1
94,2024-12-01,22,0,2,0
94,2025-01-01,19,2,4,2
94,2025-02-01,22,0,6,1
94,2025-03-01,18,0,0,0
94,2025-04-01,19,0,4,0
94,2025-05-01,19,0,5,1
94,2025-06-01,19,1,5,2
94,2025-07-01,19,0,5,2
94,2025-08-01,18,2,5,2
94,2025-09-01,19,0,6,1
94,2025-10-01,19,1,6,1
94,2025-11-01,20,2,6,2
94,2025-12-01,17,1,5,2
94,2026-01-01,18,1,1,0
94,2026-02-01,22,2,1,1
94,2026-03-01,18,2,4,2
94,2026-04-01,20,2,6,1
95,2026-01-01,15,4,6,5
95,2026-02-01,19,3,3,2
95,2026-03-01,16,3,2,2
95,2026-04-01,16,4,2,5
96,2024-04-01,20,2,6,1
96,2024-05-01,22,2,2,1
96,2024-06-01,21,0,4,0
96,2024-07-01,18,0,2,2
96,2024-08-01,22,2,4,2
96,2024-09-01,20,1,1,1
96,2024-10-01,17,2,3,0
96,2024-11-01,20,0,2,2
96,2024-12-01,20,2,2,0
96,2025-01-01,18,0,5,2
96,2025-02-01,18,0,6,2
96,2025-03-01,21,1,0,0
96,2025-04-01,18,0,3,1
96,2025-05-01,18,0,2,2
96,2025-06-01,21,0,3,0
96,2025-07-01,19,2,0,0
96,2025-08-01,19,1,3,0
96,2025-09-01,17,0,4,1
96,2025-10-01,20,2,0,1
96,2025-11-01,18,0,6,0
96,2025-12-01,19,1,6,2
96,2026-01-01,22,1,1,2
96,2026-02-01,21,1,4,0
96,2026-03-01,21,2,5,1
96,2026-04-01,19,0,0,0
97,2024-08-01,20,0,6,1
97,2024-09-01,21,0,4,1
97,2024-10-01,21,1,3,1
97,2024-11-01,21,0,5,0
97,2024-12-01,19,2,3,1
97,2025-01-01,22,2,6,1
97,2025-02-01,20,2,6,0
97,2025-03-01,20,0,1,2
97,2025-04-01,22,1,3,1
97,2025-05-01,22,0,5,2
97,2025-06-01,17,1,5,0
97,2025-07-01,18,0,2,2
97,2025-08-01,21,1,5,0
97,2025-09-01,22,2,5,0
97,2025-10-01,20,1,6,2
97,2025-11-01,17,1,0,0
97,2025-12-01,21,1,3,1
97,2026-01-01,18,1,1,2
97,2026-02-01,17,1,0,0
97,2026-03-01,22,2,5,2
97,2026-04-01,20,1,2,2
98,2025-02-01,20,0,3,0
98,2025-03-01,17,1,0,2
98,2025-04-01,18,1,5,2
98,2025-05-01,20,1,3,0
98,2025-06-01,17,2,5,0
98,2025-07-01,22,1,1,1
98,2025-08-01,19,0,1,0
98,2025-09-01,18,3,2,5
98,2025-10-01,16,2,5,3
98,2025-11-01,17,3,1,2
98,2025-12-01,19,3,3,2
98,2026-01-01,20,2,3,4
99,2023-03-01,20,0,13,0
99,2023-04-01,17,1,16,0
99,2023-05-01,18,1,18,0
99,2023-06-01,18,0,4,1
99,2023-07-01,17,0,9,0
99,2023-08-01,22,2,5,0
99,2023-09-01,17,2,6,2
99,2023-10-01,18,0,10,2
99,2023-11-01,17,1,9,2
99,2023-12-01,22,0,13,0
99,2024-01-01,21,1,10,0
99,2024-02-01,18,0,5,1
99,2024-03-01,19,0,4,1
99,2024-04-01,22,1,4,1
99,2024-05-01,18,1,7,0
99,2024-06-01,22,1,14,2
99,2024-07-01,19,0,5,0
99,2024-08-01,20,1,16,2
99,2024-09-01,20,0,15,2
99,2024-10-01,21,0,8,0
99,2024-11-01,21,1,14,2
99,2024-12-01,20,2,18,2
99,2025-01-01,18,1,6,2
99,2025-02-01,22,1,17,2
99,2025-03-01,20,0,9,0
99,2025-04-01,21,2,11,1
99,2025-05-01,21,2,15,0
99,2025-06-01,21,2,15,0
99,2025-07-01,18,0,13,0
99,2025-08-01,19,0,15,1
99,2025-09-01,18,2,5,0
99,2025-10-01,18,1,11,1
99,2025-11-01,18,0,10,0
99,2025-12-01,22,0,7,2
99,2026-01-01,21,1,15,1
99,2026-02-01,18,1,9,2
99,2026-03-01,17,2,16,1
99,2026-04-01,22,1,16,0
100,2024-12-01,18,2,9,1
100,2025-01-01,18,0,12,0
100,2025-02-01,22,0,16,2
100,2025-03-01,22,2,7,2
100,2025-04-01,20,2,9,0
100,2025-05-01,20,2,4,0
100,2025-06-01,20,0,7,0
100,2025-07-01,22,0,7,0
100,2025-08-01,17,0,13,2
100,2025-09-01,18,0,12,0
100,2025-10-01,15,5,20,3
100,2025-11-01,15,3,22,4
100,2025-12-01,18,3,30,4
100,2026-01-01,17,3,29,5
100,2026-02-01,16,2,27,2
101,2023-07-01,19,2,12,0
101,2023-08-01,21,2,6,1
101,2023-09-01,20,1,8,1
101,2023-10-01,19,1,12,2
101,2023-11-01,20,0,9,0
101,2023-12-01,22,1,7,0
101,2024-01-01,18,0,4,2
101,2024-02-01,22,2,9,1
101,2024-03-01,20,1,10,2
101,2024-04-01,19,1,11,1
101,2024-05-01,22,2,5,1
101,2024-06-01,17,0,10,2
101,2024-07-01,14,5,26,5
101,2024-08-01,18,4,16,5
101,2024-09-01,17,3,30,4
101,2024-10-01,20,2,19,5
101,2024-11-01,18,4,20,2
102,2024-08-01,17,2,5,1
102,2024-09-01,20,2,4,0
102,2024-10-01,16,5,1,4
102,2024-11-01,17,5,4,5
102,2024-12-01,20,2,5,4
102,2025-01-01,15,3,5,4
102,2025-02-01,14,5,0,2
103,2025-03-01,22,1,4,1
103,2025-04-01,22,1,5,1
103,2025-05-01,18,0,2,0
103,2025-06-01,22,0,1,1
103,2025-07-01,18,2,0,1
103,2025-08-01,21,0,1,0
103,2025-09-01,17,2,1,0
103,2025-10-01,19,1,3,2
103,2025-11-01,21,0,6,2
103,2025-12-01,18,0,2,0
103,2026-01-01,20,0,2,0
103,2026-02-01,19,0,4,0
103,2026-03-01,20,1,5,0
103,2026-04-01,17,0,2,0
104,2025-02-01,22,2,6,0
104,2025-03-01,17,0,4,0
104,2025-04-01,20,2,4,1
104,2025-05-01,20,1,6,1
104,2025-06-01,21,1,2,1
104,2025-07-01,22,1,2,0
104,2025-08-01,19,2,3,1
104,2025-09-01,21,0,2,1
104,2025-10-01,17,0,3,2
104,2025-11-01,20,2,6,0
104,2025-12-01,17,2,0,2
104,2026-01-01,19,2,6,0
104,2026-02-01,19,1,4,2
104,2026-03-01,22,1,4,1
104,2026-04-01,22,0,0,2
105,2024-05-01,19,0,5,1
105,2024-06-01,17,2,2,2
105,2024-07-01,20,0,4,1
105,2024-08-01,20,2,4,0
105,2024-09-01,19,1,3,2
105,2024-10-01,22,0,5,1
105,2024-11-01,19,2,1,2
105,2024-12-01,18,2,4,2
105,2025-01-01,21,0,1,1
105,2025-02-01,17,1,6,2
105,2025-03-01,21,1,1,1
105,2025-04-01,17,1,5,2
105,2025-05-01,18,0,1,0
105,2025-06-01,22,2,0,0
105,2025-07-01,20,2,0,0
105,2025-08-01,19,1,6,1
105,2025-09-01,18,2,2,2
105,2025-10-01,20,2,0,2
105,2025-11-01,18,2,5,2
105,2025-12-01,20,0,6,2
105,2026-01-01,19,0,4,2
105,2026-02-01,17,2,2,1
105,2026-03-01,22,2,5,2
105,2026-04-01,20,2,5,2
106,2024-02-01,20,0,7,1
106,2024-03-01,17,1,5,0
106,2024-04-01,17,1,15,2
106,2024-05-01,18,2,5,2
106,2024-06-01,19,0,17,1
106,2024-07-01,20,2,15,0
106,2024-08-01,19,0,13,2
106,2024-09-01,18,1,10,1
106,2024-10-01,16,3,22,5
106,2024-11-01,14,5,19,3
106,2024-12-01,15,5,24,2
106,2025-01-01,17,4,18,5
106,2025-02-01,17,5,27,4
107,2022-07-01,18,2,1,2
107,2022-08-01,18,2,5,0
107,2022-09-01,18,1,5,1
107,2022-10-01,19,2,6,0
107,2022-11-01,17,2,3,1
107,2022-12-01,20,2,3,1
107,2023-01-01,20,1,0,2
107,2023-02-01,22,1,2,2
107,2023-03-01,18,2,6,2
107,2023-04-01,20,0,1,1
107,2023-05-01,21,0,6,2
107,2023-06-01,19,1,5,0
107,2023-07-01,21,0,3,2
107,2023-08-01,20,1,1,0
107,2023-09-01,18,2,1,2
107,2023-10-01,22,0,2,2
107,2023-11-01,21,0,5,0
107,2023-12-01,20,1,5,0
107,2024-01-01,17,0,2,1
107,2024-02-01,18,0,0,2
107,2024-03-01,22,1,4,1
107,2024-04-01,18,2,5,1
107,2024-05-01,18,0,0,0
107,2024-06-01,20,1,2,2
107,2024-07-01,21,0,5,2
107,2024-08-01,20,2,6,2
107,2024-09-01,22,0,6,1
107,2024-10-01,22,1,2,2
107,2024-11-01,22,1,2,0
107,2024-12-01,17,0,0,0
107,2025-01-01,20,2,5,2
107,2025-02-01,18,0,4,2
107,2025-03-01,21,1,2,2
107,2025-04-01,22,0,6,2
107,2025-05-01,18,1,3,2
107,2025-06-01,22,1,2,2
107,2025-07-01,18,0,2,0
107,2025-08-01,22,2,1,1
107,2025-09-01,22,0,3,2
107,2025-10-01,21,2,3,0
107,2025-11-01,21,2,4,2
107,2025-12-01,22,0,6,0
107,2026-01-01,22,0,1,2
107,2026-02-01,22,0,0,2
107,2026-03-01,20,1,0,0
107,2026-04-01,18,2,1,2
109,2023-04-01,18,0,12,1
109,2023-05-01,17,0,5,2
109,2023-06-01,19,1,12,0
109,2023-07-01,20,2,4,0
109,2023-08-01,19,0,12,1
109,2023-09-01,17,5,30,4
109,2023-10-01,18,3,18,2
109,2023-11-01,15,3,24,3
109,2023-12-01,18,3,26,3
109,2024-01-01,17,5,23,5
110,2023-02-01,22,0,10,1
110,2023-03-01,17,1,14,1
110,2023-04-01,22,0,12,0
110,2023-05-01,17,2,15,1
110,2023-06-01,22,2,14,0
110,2023-07-01,22,1,13,2
110,2023-08-01,22,2,13,0
110,2023-09-01,20,0,9,1
110,2023-10-01,20,0,13,0
110,2023-11-01,17,1,5,2
110,2023-12-01,17,2,12,1
110,2024-01-01,17,1,14,0
110,2024-02-01,19,1,16,1
110,2024-03-01,18,0,8,0
110,2024-04-01,17,1,7,1
110,2024-05-01,17,0,6,2
110,2024-06-01,22,1,13,1
110,2024-07-01,17,2,9,2
110,2024-08-01,17,4,18,3
110,2024-09-01,16,3,27,3
110,2024-10-01,16,3,19,5
110,2024-11-01,17,4,26,3
110,2024-12-01,17,5,29,5
111,2023-09-01,19,1,12,1
111,2023-10-01,19,1,12,2
111,2023-11-01,18,1,14,0
111,2023-12-01,19,1,16,1
111,2024-01-01,17,2,5,0
111,2024-02-01,22,0,5,0
111,2024-03-01,21,0,5,2
111,2024-04-01,19,2,18,1
111,2024-05-01,17,1,14,2
111,2024-06-01,22,0,11,1
111,2024-07-01,21,2,14,2
111,2024-08-01,22,0,10,0
111,2024-09-01,21,0,18,2
111,2024-10-01,17,2,10,2
111,2024-11-01,21,2,9,0
111,2024-12-01,22,2,18,2
111,2025-01-01,22,2,4,2
111,2025-02-01,20,0,14,2
111,2025-03-01,18,0,5,1
111,2025-04-01,18,2,9,0
111,2025-05-01,20,1,10,0
111,2025-06-01,15,4,22,2
111,2025-07-01,14,5,23,2
111,2025-08-01,17,5,24,2
111,2025-09-01,15,5,26,5
111,2025-10-01,15,4,15,3
112,2023-07-01,20,1,4,0
112,2023-08-01,20,1,7,0
112,2023-09-01,21,2,18,0
112,2023-10-01,20,0,18,1
112,2023-11-01,17,0,16,2
112,2023-12-01,19,0,11,1
112,2024-01-01,19,1,9,1
112,2024-02-01,18,2,16,1
112,2024-03-01,17,1,14,1
112,2024-04-01,14,4,28,4
112,2024-05-01,20,2,24,3
112,2024-06-01,16,4,16,3
112,2024-07-01,16,4,28,5
112,2024-08-01,19,3,27,5
113,2023-04-01,18,0,0,0
113,2023-05-01,18,0,2,2
113,2023-06-01,17,2,1,0
113,2023-07-01,22,1,3,2
113,2023-08-01,22,0,3,1
113,2023-09-01,19,1,3,0
113,2023-10-01,20,0,4,0
113,2023-11-01,22,2,1,0
113,2023-12-01,19,0,6,1
113,2024-01-01,22,0,5,1
113,2024-02-01,18,1,5,0
113,2024-03-01,22,2,4,2
113,2024-04-01,18,0,6,2
113,2024-05-01,22,2,1,0
113,2024-06-01,17,0,3,0
113,2024-07-01,19,0,1,1
113,2024-08-01,17,2,1,0
113,2024-09-01,17,1,3,2
113,2024-10-01,19,2,5,0
113,2024-11-01,18,1,3,1
113,2024-12-01,17,2,3,2
113,2025-01-01,17,1,0,1
113,2025-02-01,19,1,2,2
113,2025-03-01,20,0,2,0
113,2025-04-01,18,0,0,0
113,2025-05-01,22,2,2,0
113,2025-06-01,19,1,2,2
113,2025-07-01,17,1,1,1
113,2025-08-01,20,1,2,1
113,2025-09-01,17,0,5,0
113,2025-10-01,22,2,6,0
113,2025-11-01,19,1,5,1
113,2025-12-01,22,2,4,2
113,2026-01-01,19,0,5,1
113,2026-02-01,18,2,3,0
113,2026-03-01,17,0,5,2
113,2026-04-01,21,0,0,2
114,2025-10-01,22,0,1,2
114,2025-11-01,20,0,0,2
114,2025-12-01,21,1,2,2
114,2026-01-01,20,0,4,2
114,2026-02-01,18,0,1,0
114,2026-03-01,20,2,5,1
114,2026-04-01,21,1,2,1
115,2022-12-01,22,2,0,1
115,2023-01-01,17,1,3,2
115,2023-02-01,21,0,1,2
115,2023-03-01,19,2,1,1
115,2023-04-01,17,2,0,2
115,2023-05-01,18,2,6,1
115,2023-06-01,20,2,4,2
115,2023-07-01,17,0,3,2
115,2023-08-01,20,2,6,1
115,2023-09-01,20,2,2,0
115,2023-10-01,18,0,1,2
115,2023-11-01,18,2,5,0
115,2023-12-01,21,1,4,2
115,2024-01-01,22,2,2,1
115,2024-02-01,18,1,5,1
115,2024-03-01,21,0,1,0
115,2024-04-01,17,2,1,1
115,2024-05-01,17,2,1,1
115,2024-06-01,18,1,6,0
115,2024-07-01,22,0,6,0
115,2024-08-01,21,0,0,2
115,2024-09-01,19,2,4,1
115,2024-10-01,15,4,5,5
115,2024-11-01,17,4,0,2
115,2024-12-01,15,4,1,2
115,2025-01-01,19,2,5,5
115,2025-02-01,19,3,6,3
116,2024-04-01,19,1,1,2
116,2024-05-01,22,1,1,1
116,2024-06-01,18,2,5,1
116,2024-07-01,19,0,3,0
116,2024-08-01,20,0,3,0
116,2024-09-01,18,0,4,1
116,2024-10-01,22,0,5,1
116,2024-11-01,17,1,1,0
116,2024-12-01,20,2,4,0
116,2025-01-01,17,0,0,1
116,2025-02-01,18,1,5,1
116,2025-03-01,17,2,4,0
116,2025-04-01,20,2,3,2
116,2025-05-01,15,2,1,2
116,2025-06-01,17,2,6,2
116,2025-07-01,17,4,6,2
116,2025-08-01,14,5,6,5
117,2025-01-01,18,1,2,1
117,2025-02-01,18,0,0,2
117,2025-03-01,22,1,5,2
117,2025-04-01,17,0,6,0
117,2025-05-01,17,2,2,0
117,2025-06-01,21,1,1,0
117,2025-07-01,18,0,1,1
117,2025-08-01,20,0,2,2
117,2025-09-01,19,0,5,1
117,2025-10-01,22,2,6,0
117,2025-11-01,20,0,0,0
117,2025-12-01,14,4,0,4
117,2026-01-01,15,2,0,3
117,2026-02-01,14,4,4,5
117,2026-03-01,14,4,4,4
117,2026-04-01,14,5,5,4
118,2025-01-01,20,2,19,3
118,2025-02-01,14,5,30,2
118,2025-03-01,17,4,17,3
119,2023-07-01,18,1,2,1
119,2023-08-01,20,1,3,2
119,2023-09-01,20,2,6,2
119,2023-10-01,19,0,6,2
119,2023-11-01,18,1,3,2
119,2023-12-01,20,2,4,1
119,2024-01-01,21,2,6,0
119,2024-02-01,20,0,4,2
119,2024-03-01,20,2,4,2
119,2024-04-01,22,0,5,0
119,2024-05-01,18,1,0,0
119,2024-06-01,17,1,4,1
119,2024-07-01,18,0,0,1
119,2024-08-01,19,0,2,1
119,2024-09-01,18,2,3,0
119,2024-10-01,18,0,0,2
119,2024-11-01,18,0,5,2
119,2024-12-01,18,1,5,0
119,2025-01-01,22,1,2,0
119,2025-02-01,22,0,5,2
119,2025-03-01,17,1,6,2
119,2025-04-01,18,0,1,1
119,2025-05-01,18,0,1,0
119,2025-06-01,17,2,6,1
119,2025-07-01,18,0,3,2
119,2025-08-01,18,2,4,2
119,2025-09-01,19,1,3,2
119,2025-10-01,19,1,6,2
119,2025-11-01,22,0,2,0
119,2025-12-01,18,0,5,0
119,2026-01-01,21,0,4,0
119,2026-02-01,17,1,6,1
119,2026-03-01,22,1,4,2
119,2026-04-01,19,2,4,1
120,2024-09-01,22,0,3,0
120,2024-10-01,19,0,4,1
120,2024-11-01,18,2,1,1
120,2024-12-01,21,0,1,1
120,2025-01-01,18,2,4,2
120,2025-02-01,17,2,3,1
120,2025-03-01,19,2,5,1
120,2025-04-01,20,0,0,1
120,2025-05-01,22,1,1,1
120,2025-06-01,17,0,0,1
120,2025-07-01,21,1,0,0
120,2025-08-01,19,0,4,0
120,2025-09-01,15,2,6,3
120,2025-10-01,19,2,1,2
120,2025-11-01,19,2,4,2
120,2025-12-01,15,2,2,4
120,2026-01-01,16,3,2,4
121,2023-04-01,18,2,5,0
121,2023-05-01,19,1,5,2
121,2023-06-01,17,2,6,0
121,2023-07-01,17,2,6,1
121,2023-08-01,20,2,6,0
121,2023-09-01,19,0,1,2
121,2023-10-01,20,0,5,0
121,2023-11-01,22,0,1,2
121,2023-12-01,22,0,6,2
121,2024-01-01,18,2,4,2
121,2024-02-01,21,2,4,1
121,2024-03-01,20,0,2,1
121,2024-04-01,19,2,6,1
121,2024-05-01,17,2,6,2
121,2024-06-01,20,0,1,2
121,2024-07-01,21,0,1,2
121,2024-08-01,22,1,0,0
121,2024-09-01,18,1,4,0
121,2024-10-01,20,0,3,1
121,2024-11-01,18,1,1,0
121,2024-12-01,19,2,2,1
121,2025-01-01,17,0,1,2
121,2025-02-01,20,1,3,1
121,2025-03-01,20,2,1,0
121,2025-04-01,21,1,0,1
121,2025-05-01,19,1,3,2
121,2025-06-01,22,0,3,1
121,2025-07-01,21,2,2,1
121,2025-08-01,17,2,3,2
121,2025-09-01,20,1,5,0
121,2025-10-01,21,2,0,2
121,2025-11-01,18,2,6,2
121,2025-12-01,17,0,6,0
121,2026-01-01,19,1,1,2
121,2026-02-01,20,0,1,1
121,2026-03-01,20,2,0,1
121,2026-04-01,20,1,5,2
122,2025-08-01,20,0,0,0
122,2025-09-01,22,0,3,1
122,2025-10-01,18,1,2,0
122,2025-11-01,19,1,4,1
122,2025-12-01,18,2,5,1
122,2026-01-01,17,1,3,0
122,2026-02-01,21,0,3,0
122,2026-03-01,22,0,2,2
122,2026-04-01,17,2,6,1
123,2025-12-01,14,5,3,2
123,2026-01-01,14,5,2,3
124,2022-10-01,17,0,5,1
124,2022-11-01,20,0,8,2
124,2022-12-01,20,1,12,0
124,2023-01-01,22,1,6,0
124,2023-02-01,17,1,9,1
124,2023-03-01,18,0,9,1
124,2023-04-01,20,1,12,2
124,2023-05-01,18,2,10,1
124,2023-06-01,22,2,10,0
124,2023-07-01,21,2,7,0
124,2023-08-01,22,2,13,2
124,2023-09-01,18,1,14,2
124,2023-10-01,22,2,15,1
124,2023-11-01,17,0,18,1
124,2023-12-01,18,1,17,1
124,2024-01-01,17,2,10,1
124,2024-02-01,21,2,4,1
124,2024-03-01,18,2,11,2
124,2024-04-01,21,0,4,0
124,2024-05-01,22,0,10,2
124,2024-06-01,21,0,13,1
124,2024-07-01,18,1,7,0
124,2024-08-01,22,2,4,1
124,2024-09-01,19,0,8,1
124,2024-10-01,21,0,15,1
124,2024-11-01,22,1,10,1
124,2024-12-01,19,1,17,2
124,2025-01-01,20,2,16,1
124,2025-02-01,17,0,11,1
124,2025-03-01,19,0,12,2
124,2025-04-01,18,2,10,1
124,2025-05-01,19,2,15,2
124,2025-06-01,20,2,8,2
124,2025-07-01,21,0,5,0
124,2025-08-01,17,2,4,2
124,2025-09-01,20,0,11,2
124,2025-10-01,21,2,5,2
124,2025-11-01,20,2,13,0
124,2025-12-01,22,1,17,1
124,2026-01-01,18,0,16,1
124,2026-02-01,21,1,5,0
124,2026-03-01,20,0,9,1
124,2026-04-01,20,2,15,2
125,2024-04-01,20,0,9,0
125,2024-05-01,21,1,8,2
125,2024-06-01,19,1,17,1
125,2024-07-01,22,0,4,1
125,2024-08-01,17,0,4,0
125,2024-09-01,19,2,17,2
125,2024-10-01,17,4,28,5
125,2024-11-01,14,5,16,5
125,2024-12-01,14,5,20,4
125,2025-01-01,16,5,18,3
125,2025-02-01,16,5,23,3
126,2022-11-01,19,0,0,0
126,2022-12-01,17,1,0,2
126,2023-01-01,21,0,0,2
126,2023-02-01,22,2,0,2
126,2023-03-01,20,0,5,2
126,2023-04-01,18,1,5,2
126,2023-05-01,19,0,1,2
126,2023-06-01,18,1,1,2
126,2023-07-01,18,2,6,1
126,2023-08-01,19,2,0,1
126,2023-09-01,17,0,5,0
126,2023-10-01,22,2,6,0
126,2023-11-01,17,1,4,0
126,2023-12-01,17,0,2,1
126,2024-01-01,18,0,0,1
126,2024-02-01,19,0,3,0
126,2024-03-01,20,0,3,0
126,2024-04-01,20,2,0,0
126,2024-05-01,22,1,3,1
126,2024-06-01,22,1,6,0
126,2024-07-01,18,1,0,0
126,2024-08-01,22,2,5,2
126,2024-09-01,17,0,2,1
126,2024-10-01,20,2,4,2
126,2024-11-01,17,0,4,2
126,2024-12-01,16,3,4,2
126,2025-01-01,18,3,1,2
126,2025-02-01,14,4,1,2
126,2025-03-01,19,3,2,5
126,2025-04-01,14,4,5,4
127,2024-02-01,20,2,6,1
127,2024-03-01,20,2,3,0
127,2024-04-01,19,0,1,2
127,2024-05-01,22,1,3,0
127,2024-06-01,21,2,2,0
127,2024-07-01,18,2,3,1
127,2024-08-01,20,1,4,2
127,2024-09-01,19,1,4,0
127,2024-10-01,21,1,3,0
127,2024-11-01,21,1,2,2
127,2024-12-01,17,1,1,0
127,2025-01-01,21,1,4,1
127,2025-02-01,19,2,6,2
127,2025-03-01,21,1,3,0
127,2025-04-01,17,0,6,1
127,2025-05-01,20,0,2,0
127,2025-06-01,17,0,5,1
127,2025-07-01,19,0,6,1
127,2025-08-01,17,0,2,2
127,2025-09-01,17,2,2,0
127,2025-10-01,20,2,6,1
127,2025-11-01,18,2,0,1
127,2025-12-01,16,3,4,2
127,2026-01-01,19,2,4,5
127,2026-02-01,18,4,6,3
127,2026-03-01,14,5,3,4
127,2026-04-01,18,2,3,4
128,2025-08-01,21,1,1,2
128,2025-09-01,17,1,0,2
128,2025-10-01,21,0,3,1
128,2025-11-01,18,1,0,2
128,2025-12-01,21,0,2,2
128,2026-01-01,17,0,3,0
128,2026-02-01,20,2,2,1
128,2026-03-01,19,1,3,0
128,2026-04-01,21,1,3,2
130,2022-11-01,17,1,2,2
130,2022-12-01,20,1,6,2
130,2023-01-01,17,1,4,0
130,2023-02-01,17,0,0,0
130,2023-03-01,18,0,2,2
130,2023-04-01,22,1,1,0
130,2023-05-01,17,0,5,1
130,2023-06-01,21,0,5,0
130,2023-07-01,19,0,0,0
130,2023-08-01,19,0,2,1
130,2023-09-01,22,2,6,1
130,2023-10-01,19,2,1,0
130,2023-11-01,21,1,0,0
130,2023-12-01,19,0,6,2
130,2024-01-01,20,2,3,2
130,2024-02-01,17,2,4,0
130,2024-03-01,21,1,5,1
130,2024-04-01,19,1,6,2
130,2024-05-01,20,0,0,1
130,2024-06-01,19,2,0,1
130,2024-07-01,18,3,5,2
130,2024-08-01,17,3,0,3
130,2024-09-01,17,3,3,4
130,2024-10-01,14,4,6,5
130,2024-11-01,20,2,1,4
131,2023-10-01,20,1,6,2
131,2023-11-01,21,0,6,1
131,2023-12-01,18,0,2,1
131,2024-01-01,18,2,2,2
131,2024-02-01,22,0,1,1
131,2024-03-01,17,2,0,0
131,2024-04-01,17,1,1,1
131,2024-05-01,17,1,5,2
131,2024-06-01,20,1,2,0
131,2024-07-01,21,0,2,1
131,2024-08-01,18,0,3,2
131,2024-09-01,20,2,2,0
131,2024-10-01,20,1,2,0
131,2024-11-01,17,2,3,2
131,2024-12-01,20,0,2,0
131,2025-01-01,20,0,4,1
131,2025-02-01,21,2,3,2
131,2025-03-01,20,0,5,0
131,2025-04-01,22,0,0,0
131,2025-05-01,17,0,0,2
131,2025-06-01,19,0,0,2
131,2025-07-01,17,1,1,2
131,2025-08-01,22,2,3,1
131,2025-09-01,20,0,1,2
131,2025-10-01,22,1,3,0
131,2025-11-01,18,0,2,2
131,2025-12-01,19,2,4,1
131,2026-01-01,22,0,0,0
131,2026-02-01,21,2,4,1
131,2026-03-01,22,1,6,2
131,2026-04-01,18,0,2,2
132,2022-03-01,17,0,6,1
132,2022-04-01,20,0,4,2
132,2022-05-01,20,1,9,0
132,2022-06-01,18,1,18,0
132,2022-07-01,18,2,16,0
132,2022-08-01,21,1,11,2
132,2022-09-01,17,1,17,0
132,2022-10-01,20,0,4,0
132,2022-11-01,21,2,8,0
132,2022-12-01,21,2,6,0
132,2023-01-01,17,0,8,2
132,2023-02-01,19,1,11,2
132,2023-03-01,19,2,8,2
132,2023-04-01,20,1,9,1
132,2023-05-01,17,1,8,2
132,2023-06-01,19,2,16,2
132,2023-07-01,21,1,5,1
132,2023-08-01,22,2,15,2
132,2023-09-01,17,0,10,0
132,2023-10-01,22,0,9,1
132,2023-11-01,17,0,13,2
132,2023-12-01,22,1,9,0
132,2024-01-01,22,0,7,1
132,2024-02-01,22,0,8,2
132,2024-03-01,22,2,18,1
132,2024-04-01,21,0,8,2
132,2024-05-01,19,1,10,2
132,2024-06-01,20,1,8,0
132,2024-07-01,17,2,12,2
132,2024-08-01,19,2,5,1
132,2024-09-01,20,2,16,1
132,2024-10-01,19,0,4,1
132,2024-11-01,22,0,11,2
132,2024-12-01,18,2,8,2
132,2025-01-01,21,2,6,1
132,2025-02-01,20,1,5,1
132,2025-03-01,17,1,4,0
132,2025-04-01,19,2,5,0
132,2025-05-01,20,1,4,1
132,2025-06-01,19,2,17,0
132,2025-07-01,17,1,6,1
132,2025-08-01,19,2,14,2
132,2025-09-01,18,0,15,1
132,2025-10-01,18,2,7,1
132,2025-11-01,21,0,8,0
132,2025-12-01,17,1,18,1
132,2026-01-01,18,2,14,1
132,2026-02-01,20,1,18,0
132,2026-03-01,19,1,13,1
132,2026-04-01,18,2,10,2
133,2023-08-01,19,2,6,2
133,2023-09-01,18,1,6,1
133,2023-10-01,21,0,8,1
133,2023-11-01,17,1,13,2
133,2023-12-01,20,2,6,1
133,2024-01-01,20,0,6,2
133,2024-02-01,20,2,9,2
133,2024-03-01,22,2,9,1
133,2024-04-01,19,1,11,1
133,2024-05-01,20,1,4,2
133,2024-06-01,17,1,5,0
133,2024-07-01,21,1,16,0
133,2024-08-01,21,2,9,0
133,2024-09-01,21,2,18,2
133,2024-10-01,19,0,16,1
133,2024-11-01,18,1,14,0
133,2024-12-01,20,2,11,0
133,2025-01-01,17,0,8,2
133,2025-02-01,17,1,13,0
133,2025-03-01,19,2,11,2
133,2025-04-01,19,0,5,2
133,2025-05-01,21,2,12,2
133,2025-06-01,22,0,15,0
133,2025-07-01,21,0,12,2
133,2025-08-01,20,0,7,2
133,2025-09-01,22,0,8,2
133,2025-10-01,19,2,18,0
133,2025-11-01,20,2,15,0
133,2025-12-01,17,0,4,0
133,2026-01-01,21,0,12,0
133,2026-02-01,18,0,5,1
133,2026-03-01,17,2,11,1
133,2026-04-01,17,0,8,1
134,2022-07-01,20,0,6,0
134,2022-08-01,21,1,6,2
134,2022-09-01,22,1,6,2
134,2022-10-01,21,0,3,0
134,2022-11-01,22,0,1,0
134,2022-12-01,22,2,1,0
134,2023-01-01,21,2,5,2
134,2023-02-01,18,1,3,1
134,2023-03-01,19,2,0,2
134,2023-04-01,20,1,5,1
134,2023-05-01,20,1,5,0
134,2023-06-01,20,1,6,1
134,2023-07-01,18,0,2,1
134,2023-08-01,17,2,3,0
134,2023-09-01,21,1,0,2
134,2023-10-01,22,2,4,1
134,2023-11-01,17,1,1,1
134,2023-12-01,22,1,2,0
134,2024-01-01,18,1,4,2
134,2024-02-01,18,1,5,2
134,2024-03-01,20,2,0,0
134,2024-04-01,22,0,2,2
134,2024-05-01,22,2,2,1
134,2024-06-01,22,0,2,2
134,2024-07-01,19,1,0,2
134,2024-08-01,20,1,3,2
134,2024-09-01,22,0,4,2
134,2024-10-01,21,2,4,1
134,2024-11-01,18,2,2,2
134,2024-12-01,21,1,4,2
134,2025-01-01,20,0,0,0
134,2025-02-01,22,0,1,0
134,2025-03-01,22,0,3,2
134,2025-04-01,20,1,6,0
134,2025-05-01,22,0,0,0
134,2025-06-01,22,1,6,1
134,2025-07-01,17,0,4,1
134,2025-08-01,17,0,6,2
134,2025-09-01,17,1,6,1
134,2025-10-01,21,2,6,0
134,2025-11-01,18,1,0,2
134,2025-12-01,20,1,1,2
134,2026-01-01,21,2,1,0
134,2026-02-01,19,1,3,2
134,2026-03-01,19,0,1,2
134,2026-04-01,18,1,6,2
135,2025-11-01,18,0,4,0
135,2025-12-01,22,2,0,0
135,2026-01-01,17,0,0,1
135,2026-02-01,20,2,4,0
135,2026-03-01,19,0,5,2
135,2026-04-01,22,2,4,1
136,2022-04-01,18,0,4,1
136,2022-05-01,21,1,2,2
136,2022-06-01,21,0,6,0
136,2022-07-01,20,1,5,1
136,2022-08-01,17,2,0,0
136,2022-09-01,21,1,0,0
136,2022-10-01,20,0,0,2
136,2022-11-01,21,1,0,0
136,2022-12-01,19,1,3,2
136,2023-01-01,19,0,6,0
136,2023-02-01,19,0,4,2
136,2023-03-01,18,2,4,2
136,2023-04-01,19,1,4,0
136,2023-05-01,21,2,0,2
136,2023-06-01,20,1,5,0
136,2023-07-01,17,1,3,1
136,2023-08-01,18,1,6,0
136,2023-09-01,18,0,4,2
136,2023-10-01,19,2,0,0
136,2023-11-01,20,0,6,2
136,2023-12-01,21,2,6,0
136,2024-01-01,19,0,3,2
136,2024-02-01,22,2,0,2
136,2024-03-01,20,0,2,2
136,2024-04-01,15,2,3,3
136,2024-05-01,17,5,3,3
136,2024-06-01,15,2,6,5
136,2024-07-01,20,2,4,2
136,2024-08-01,17,3,3,5
137,2025-06-01,21,0,0,1
137,2025-07-01,17,2,2,1
137,2025-08-01,18,1,3,0
137,2025-09-01,18,0,0,2
137,2025-10-01,17,0,3,2
137,2025-11-01,21,2,0,0
137,2025-12-01,22,0,6,0
137,2026-01-01,17,0,1,1
137,2026-02-01,18,1,0,1
137,2026-03-01,19,2,5,0
137,2026-04-01,19,0,4,1
138,2025-04-01,20,2,0,2
138,2025-05-01,17,0,2,2
138,2025-06-01,18,1,5,2
138,2025-07-01,19,0,3,2
138,2025-08-01,19,1,6,2
138,2025-09-01,19,2,1,2
138,2025-10-01,19,1,5,2
138,2025-11-01,21,0,0,1
138,2025-12-01,15,5,2,3
138,2026-01-01,15,3,2,3
138,2026-02-01,14,3,0,5
138,2026-03-01,20,2,0,2
138,2026-04-01,14,5,2,2
139,2023-12-01,19,2,3,1
139,2024-01-01,17,1,3,1
139,2024-02-01,17,0,1,1
139,2024-03-01,18,2,3,2
139,2024-04-01,17,2,2,0
139,2024-05-01,21,1,0,2
139,2024-06-01,19,1,6,2
139,2024-07-01,18,0,2,2
139,2024-08-01,21,1,6,1
139,2024-09-01,22,2,6,0
139,2024-10-01,17,2,3,2
139,2024-11-01,22,1,6,2
139,2024-12-01,20,1,4,2
139,2025-01-01,21,2,2,0
139,2025-02-01,20,1,5,0
139,2025-03-01,18,0,2,2
139,2025-04-01,19,0,1,2
139,2025-05-01,19,1,4,1
139,2025-06-01,17,2,2,1
139,2025-07-01,19,2,2,2
139,2025-08-01,21,0,0,1
139,2025-09-01,21,2,2,1
139,2025-10-01,18,1,3,0
139,2025-11-01,20,0,3,0
139,2025-12-01,19,1,5,2
139,2026-01-01,18,1,0,2
139,2026-02-01,17,1,4,2
139,2026-03-01,19,0,3,0
139,2026-04-01,19,1,2,1
140,2023-09-01,18,0,5,0
140,2023-10-01,16,2,1,2
140,2023-11-01,14,5,4,2
140,2023-12-01,18,3,0,4
140,2024-01-01,15,4,4,2
140,2024-02-01,17,4,0,5
141,2025-09-01,17,2,0,0
141,2025-10-01,18,1,4,1
141,2025-11-01,22,1,0,2
141,2025-12-01,20,1,1,0
141,2026-01-01,19,2,6,1
141,2026-02-01,19,1,5,1
141,2026-03-01,20,1,4,0
141,2026-04-01,18,1,0,1
142,2022-04-01,18,2,4,0
142,2022-05-01,21,0,16,1
142,2022-06-01,21,2,16,2
142,2022-07-01,21,2,15,1
142,2022-08-01,18,1,17,2
142,2022-09-01,17,2,15,0
142,2022-10-01,20,2,5,0
142,2022-11-01,18,2,12,2
142,2022-12-01,22,2,15,1
142,2023-01-01,21,2,5,2
142,2023-02-01,17,2,11,2
142,2023-03-01,21,2,11,1
142,2023-04-01,19,0,17,2
142,2023-05-01,19,0,9,0
142,2023-06-01,19,0,11,1
142,2023-07-01,22,0,15,0
142,2023-08-01,20,2,18,1
142,2023-09-01,19,0,9,2
142,2023-10-01,21,0,18,1
142,2023-11-01,22,1,13,0
142,2023-12-01,20,1,7,2
142,2024-01-01,18,2,7,1
142,2024-02-01,22,2,14,0
142,2024-03-01,21,1,16,1
142,2024-04-01,19,1,5,0
142,2024-05-01,20,1,12,0
142,2024-06-01,21,1,14,0
142,2024-07-01,18,1,4,0
142,2024-08-01,17,1,8,2
142,2024-09-01,22,1,15,0
142,2024-10-01,18,0,17,1
142,2024-11-01,17,2,6,0
142,2024-12-01,18,2,17,2
142,2025-01-01,20,1,9,0
142,2025-02-01,20,2,12,0
142,2025-03-01,22,1,5,1
142,2025-04-01,19,2,13,2
142,2025-05-01,17,2,4,0
142,2025-06-01,22,1,11,1
142,2025-07-01,22,1,15,1
142,2025-08-01,19,1,15,0
142,2025-09-01,22,0,15,2
142,2025-10-01,21,0,6,0
142,2025-11-01,21,2,9,2
142,2025-12-01,22,1,10,1
142,2026-01-01,20,0,12,2
142,2026-02-01,21,1,16,0
142,2026-03-01,18,1,11,1
142,2026-04-01,17,2,12,2
143,2023-08-01,21,2,6,1
143,2023-09-01,19,1,3,1
143,2023-10-01,18,0,0,2
143,2023-11-01,22,0,3,2
143,2023-12-01,19,2,4,1
143,2024-01-01,17,1,2,0
143,2024-02-01,17,1,2,1
143,2024-03-01,20,0,1,1
143,2024-04-01,19,2,6,0
143,2024-05-01,18,2,2,0
143,2024-06-01,17,0,4,2
143,2024-07-01,18,0,4,0
143,2024-08-01,21,2,6,0
143,2024-09-01,17,1,6,0
143,2024-10-01,19,0,2,2
143,2024-11-01,20,2,3,2
143,2024-12-01,18,1,2,0
143,2025-01-01,22,2,6,0
143,2025-02-01,20,1,3,1
143,2025-03-01,17,0,2,2
143,2025-04-01,22,0,2,0
143,2025-05-01,22,0,5,0
143,2025-06-01,19,0,4,1
143,2025-07-01,19,1,5,2
143,2025-08-01,21,2,6,0
143,2025-09-01,22,2,2,0
143,2025-10-01,20,0,5,2
143,2025-11-01,19,0,6,2
143,2025-12-01,22,2,0,2
143,2026-01-01,22,0,1,0
143,2026-02-01,21,1,6,0
143,2026-03-01,22,0,2,1
143,2026-04-01,18,1,6,0
144,2023-03-01,22,1,2,0
144,2023-04-01,18,2,0,2
144,2023-05-01,22,2,1,0
144,2023-06-01,20,0,3,2
144,2023-07-01,21,0,5,0
144,2023-08-01,17,1,5,1
144,2023-09-01,21,1,5,2
144,2023-10-01,18,2,2,1
144,2023-11-01,21,2,1,1
144,2023-12-01,18,1,5,1
144,2024-01-01,20,2,3,2
144,2024-02-01,19,2,3,1
144,2024-03-01,17,0,0,1
144,2024-04-01,20,1,2,0
144,2024-05-01,22,1,0,0
144,2024-06-01,20,1,5,0
144,2024-07-01,19,2,3,2
144,2024-08-01,18,1,6,1
144,2024-09-01,21,1,5,0
144,2024-10-01,17,1,2,2
144,2024-11-01,18,1,0,2
144,2024-12-01,19,1,5,1
144,2025-01-01,20,1,6,1
144,2025-02-01,20,1,2,0
144,2025-03-01,19,1,5,0
144,2025-04-01,19,2,6,0
144,2025-05-01,19,1,3,0
144,2025-06-01,21,0,4,0
144,2025-07-01,22,0,4,2
144,2025-08-01,19,0,4,2
144,2025-09-01,17,2,0,1
144,2025-10-01,17,2,2,1
144,2025-11-01,21,0,5,0
144,2025-12-01,21,0,2,2
144,2026-01-01,18,0,6,2
144,2026-02-01,20,2,1,1
144,2026-03-01,18,1,2,1
144,2026-04-01,18,2,5,0
145,2026-01-01,17,0,17,0
145,2026-02-01,21,0,12,1
145,2026-03-01,20,0,6,1
145,2026-04-01,19,0,7,2
146,2025-07-01,22,0,4,1
146,2025-08-01,22,0,17,1
146,2025-09-01,22,1,6,2
146,2025-10-01,19,0,5,0
146,2025-11-01,21,2,15,2
146,2025-12-01,20,0,4,2
146,2026-01-01,21,2,18,0
146,2026-02-01,17,2,13,1
146,2026-03-01,18,2,17,1
146,2026-04-01,19,1,12,2
147,2024-01-01,17,1,2,1
147,2024-02-01,18,0,2,2
147,2024-03-01,21,1,3,1
147,2024-04-01,20,0,1,1
147,2024-05-01,21,1,3,1
147,2024-06-01,22,2,4,0
147,2024-07-01,20,0,3,2
147,2024-08-01,20,1,6,2
147,2024-09-01,22,0,3,0
147,2024-10-01,21,0,3,0
147,2024-11-01,20,1,3,2
147,2024-12-01,17,2,2,1
147,2025-01-01,18,2,0,0
147,2025-02-01,21,0,1,1
147,2025-03-01,21,0,0,0
147,2025-04-01,20,2,6,1
147,2025-05-01,21,2,6,2
147,2025-06-01,18,0,6,1
147,2025-07-01,19,1,2,2
147,2025-08-01,19,0,0,1
147,2025-09-01,22,2,4,1
147,2025-10-01,17,1,5,0
147,2025-11-01,21,1,4,1
147,2025-12-01,19,2,1,1
147,2026-01-01,20,2,3,2
147,2026-02-01,21,2,5,0
147,2026-03-01,17,1,5,0
147,2026-04-01,20,0,6,0
148,2023-02-01,18,2,5,0
148,2023-03-01,18,0,3,0
148,2023-04-01,17,1,3,0
148,2023-05-01,22,2,3,0
148,2023-06-01,22,2,3,1
148,2023-07-01,17,1,0,1
148,2023-08-01,19,2,5,1
148,2023-09-01,21,1,4,1
148,2023-10-01,21,2,1,0
148,2023-11-01,19,2,5,0
148,2023-12-01,21,2,2,2
148,2024-01-01,21,1,3,1
148,2024-02-01,18,1,5,2
148,2024-03-01,18,0,4,2
148,2024-04-01,20,0,2,1
148,2024-05-01,18,0,3,0
148,2024-06-01,17,1,5,0
148,2024-07-01,16,2,4,4
148,2024-08-01,14,5,4,2
148,2024-09-01,16,3,2,2
148,2024-10-01,14,4,6,4
148,2024-11-01,14,5,2,3
149,2024-09-01,17,2,6,0
149,2024-10-01,22,0,8,0
149,2024-11-01,19,2,5,0
149,2024-12-01,21,2,14,1
149,2025-01-01,19,2,16,2
149,2025-02-01,21,1,16,2
149,2025-03-01,21,2,18,1
149,2025-04-01,18,0,4,0
149,2025-05-01,18,0,18,2
149,2025-06-01,18,0,6,1
149,2025-07-01,17,1,5,0
149,2025-08-01,18,2,16,1
149,2025-09-01,20,2,11,1
149,2025-10-01,19,2,16,0
149,2025-11-01,18,2,10,1
149,2025-12-01,20,2,11,1
149,2026-01-01,19,2,9,2
149,2026-02-01,17,2,17,0
149,2026-03-01,18,2,17,1
149,2026-04-01,22,0,17,1
150,2022-08-01,21,1,11,2
150,2022-09-01,19,2,5,2
150,2022-10-01,16,4,15,5
150,2022-11-01,17,5,21,4
150,2022-12-01,16,2,29,3
150,2023-01-01,14,4,18,4
150,2023-02-01,17,4,23,5
151,2024-03-01,20,0,5,2
151,2024-04-01,19,1,5,0
151,2024-05-01,21,0,6,2
151,2024-06-01,20,2,5,1
151,2024-07-01,20,0,3,2
151,2024-08-01,22,2,6,0
151,2024-09-01,17,1,0,2
151,2024-10-01,22,0,5,2
151,2024-11-01,18,0,0,1
151,2024-12-01,17,0,3,2
151,2025-01-01,18,4,0,4
151,2025-02-01,16,2,2,4
151,2025-03-01,18,4,4,5
151,2025-04-01,18,2,0,3
151,2025-05-01,20,2,1,2
152,2024-01-01,19,2,7,2
152,2024-02-01,21,1,6,2
152,2024-03-01,22,0,8,1
152,2024-04-01,21,1,5,1
152,2024-05-01,20,2,17,2
152,2024-06-01,17,2,18,1
152,2024-07-01,17,0,18,0
152,2024-08-01,18,2,5,0
152,2024-09-01,19,2,14,0
152,2024-10-01,18,0,7,2
152,2024-11-01,19,1,5,2
152,2024-12-01,18,1,17,2
152,2025-01-01,22,0,15,2
152,2025-02-01,18,1,4,1
152,2025-03-01,22,1,6,1
152,2025-04-01,18,2,9,1
152,2025-05-01,18,0,8,0
152,2025-06-01,18,1,8,2
152,2025-07-01,20,1,5,1
152,2025-08-01,19,2,9,1
152,2025-09-01,22,2,11,2
152,2025-10-01,22,0,4,2
152,2025-11-01,20,0,12,2
152,2025-12-01,14,5,24,4
152,2026-01-01,18,4,21,3
152,2026-02-01,18,2,18,3
152,2026-03-01,15,5,25,5
152,2026-04-01,20,2,18,4
153,2024-08-01,17,0,10,1
153,2024-09-01,19,1,14,0
153,2024-10-01,18,1,8,0
153,2024-11-01,20,2,6,0
153,2024-12-01,20,2,11,2
153,2025-01-01,21,2,10,2
153,2025-02-01,20,1,17,0
153,2025-03-01,19,2,9,2
153,2025-04-01,19,1,14,1
153,2025-05-01,19,0,18,0
153,2025-06-01,21,0,10,1
153,2025-07-01,19,2,10,2
153,2025-08-01,17,0,12,0
153,2025-09-01,19,2,15,2
153,2025-10-01,18,2,16,0
153,2025-11-01,18,2,9,0
153,2025-12-01,17,1,16,0
153,2026-01-01,19,1,10,0
153,2026-02-01,20,0,14,0
153,2026-03-01,18,0,8,1
153,2026-04-01,17,0,7,0
154,2022-10-01,17,3,1,4
154,2022-11-01,14,3,2,5
154,2022-12-01,16,5,5,5
154,2023-01-01,17,5,5,2
155,2025-10-01,20,0,2,0
155,2025-11-01,20,1,2,2
155,2025-12-01,22,1,4,1
155,2026-01-01,21,0,2,1
155,2026-02-01,22,2,4,0
155,2026-03-01,18,2,1,0
155,2026-04-01,19,1,2,2
156,2022-11-01,17,2,13,1
156,2022-12-01,17,2,7,0
156,2023-01-01,20,0,4,0
156,2023-02-01,19,1,5,1
156,2023-03-01,20,2,6,1
156,2023-04-01,18,1,8,1
156,2023-05-01,22,1,4,1
156,2023-06-01,20,0,6,1
156,2023-07-01,22,2,17,0
156,2023-08-01,20,0,9,2
156,2023-09-01,22,0,14,1
156,2023-10-01,17,0,9,0
156,2023-11-01,21,2,10,2
156,2023-12-01,20,0,11,2
156,2024-01-01,22,1,10,0
156,2024-02-01,19,1,8,2
156,2024-03-01,22,0,13,1
156,2024-04-01,21,1,16,1
156,2024-05-01,22,1,17,2
156,2024-06-01,19,0,16,0
156,2024-07-01,20,2,16,1
156,2024-08-01,22,0,6,0
156,2024-09-01,19,2,13,1
156,2024-10-01,18,2,17,2
156,2024-11-01,22,1,10,0
156,2024-12-01,20,1,4,0
156,2025-01-01,20,1,9,0
156,2025-02-01,21,2,9,1
156,2025-03-01,20,1,14,1
156,2025-04-01,17,2,8,0
156,2025-05-01,19,1,10,0
156,2025-06-01,20,1,8,2
156,2025-07-01,17,2,5,1
156,2025-08-01,22,0,12,2
156,2025-09-01,20,0,6,0
156,2025-10-01,21,0,6,2
156,2025-11-01,18,2,11,1
156,2025-12-01,19,1,11,2
156,2026-01-01,21,0,18,2
156,2026-02-01,21,2,11,0
156,2026-03-01,17,1,9,0
156,2026-04-01,18,2,15,2
157,2025-06-01,17,1,4,2
157,2025-07-01,17,1,5,2
157,2025-08-01,19,1,3,0
157,2025-09-01,18,2,2,2
157,2025-10-01,22,2,0,1
157,2025-11-01,17,0,4,1
157,2025-12-01,19,2,4,2
157,2026-01-01,18,2,6,0
157,2026-02-01,19,2,3,0
157,2026-03-01,20,1,5,2
157,2026-04-01,18,1,4,2
158,2023-03-01,17,2,3,0
158,2023-04-01,22,1,2,0
158,2023-05-01,20,0,0,1
158,2023-06-01,22,0,2,1
158,2023-07-01,20,2,6,2
158,2023-08-01,19,0,1,0
158,2023-09-01,17,2,2,0
158,2023-10-01,17,2,2,2
158,2023-11-01,22,2,6,1
158,2023-12-01,21,1,5,2
158,2024-01-01,19,2,3,1
158,2024-02-01,21,0,2,1
158,2024-03-01,19,1,6,1
158,2024-04-01,18,1,6,2
158,2024-05-01,20,0,4,2
158,2024-06-01,18,2,3,1
158,2024-07-01,20,0,5,2
158,2024-08-01,17,2,3,2
158,2024-09-01,19,0,1,2
158,2024-10-01,21,1,2,1
158,2024-11-01,19,1,5,1
158,2024-12-01,17,0,4,2
158,2025-01-01,18,2,2,2
158,2025-02-01,20,1,6,0
158,2025-03-01,19,2,5,1
158,2025-04-01,18,1,4,0
158,2025-05-01,20,2,6,0
158,2025-06-01,17,1,1,0
158,2025-07-01,17,2,2,0
158,2025-08-01,18,2,3,2
158,2025-09-01,20,1,6,0
158,2025-10-01,20,2,2,1
158,2025-11-01,19,2,0,2
158,2025-12-01,22,2,6,2
158,2026-01-01,19,2,4,2
158,2026-02-01,20,0,6,1
158,2026-03-01,20,1,2,1
158,2026-04-01,18,0,3,1
159,2025-11-01,14,4,29,3
159,2025-12-01,17,5,28,5
159,2026-01-01,16,2,22,2
159,2026-02-01,16,5,25,3
160,2025-08-01,18,2,5,1
160,2025-09-01,22,0,2,0
160,2025-10-01,22,2,6,2
160,2025-11-01,20,2,4,0
160,2025-12-01,18,1,2,2
160,2026-01-01,18,0,3,2
160,2026-02-01,18,1,1,1
160,2026-03-01,17,0,1,2
160,2026-04-01,20,1,1,2
161,2023-05-01,21,1,1,0
161,2023-06-01,20,2,5,0
161,2023-07-01,21,1,6,0
161,2023-08-01,18,1,5,0
161,2023-09-01,17,2,0,2
161,2023-10-01,22,1,6,2
161,2023-11-01,20,1,0,1
161,2023-12-01,19,2,4,0
161,2024-01-01,22,2,5,2
161,2024-02-01,22,0,3,1
161,2024-03-01,22,0,2,1
161,2024-04-01,22,0,2,1
161,2024-05-01,22,2,5,2
161,2024-06-01,20,1,6,0
161,2024-07-01,17,0,6,1
161,2024-08-01,21,0,5,0
161,2024-09-01,19,1,5,1
161,2024-10-01,18,0,6,1
161,2024-11-01,18,1,0,1
161,2024-12-01,22,2,0,1
161,2025-01-01,22,1,6,0
161,2025-02-01,19,1,2,2
161,2025-03-01,20,1,6,1
161,2025-04-01,22,1,4,1
161,2025-05-01,21,0,6,0
161,2025-06-01,18,2,2,0
161,2025-07-01,18,1,4,1
161,2025-08-01,22,1,2,2
161,2025-09-01,18,2,5,1
161,2025-10-01,20,2,3,2
161,2025-11-01,19,0,5,2
161,2025-12-01,18,0,4,1
161,2026-01-01,20,1,5,0
161,2026-02-01,17,0,4,1
161,2026-03-01,18,2,0,1
161,2026-04-01,19,2,4,2
162,2025-02-01,16,5,4,4
162,2025-03-01,18,4,4,5
162,2025-04-01,17,3,6,5
162,2025-05-01,14,5,0,2
162,2025-06-01,15,4,1,3
163,2022-10-01,19,2,6,2
163,2022-11-01,17,2,1,1
163,2022-12-01,20,1,4,2
163,2023-01-01,17,2,6,2
163,2023-02-01,18,2,1,1
163,2023-03-01,22,0,3,2
163,2023-04-01,17,1,4,0
163,2023-05-01,19,2,4,2
163,2023-06-01,21,0,6,0
163,2023-07-01,20,2,4,0
163,2023-08-01,18,1,6,2
163,2023-09-01,18,2,5,0
163,2023-10-01,18,2,5,1
163,2023-11-01,18,0,4,1
163,2023-12-01,21,1,0,2
163,2024-01-01,18,2,6,0
163,2024-02-01,18,2,2,0
163,2024-03-01,18,0,1,2
163,2024-04-01,21,1,3,0
163,2024-05-01,21,0,2,2
163,2024-06-01,17,0,3,0
163,2024-07-01,20,0,3,0
163,2024-08-01,17,2,4,0
163,2024-09-01,21,1,2,2
163,2024-10-01,17,2,3,0
163,2024-11-01,22,1,6,2
163,2024-12-01,18,2,6,2
163,2025-01-01,21,1,0,1
163,2025-02-01,20,2,2,1
163,2025-03-01,22,0,2,2
163,2025-04-01,20,2,2,2
163,2025-05-01,19,1,6,2
163,2025-06-01,18,1,2,2
163,2025-07-01,21,2,2,2
163,2025-08-01,20,0,6,0
163,2025-09-01,20,0,2,2
163,2025-10-01,20,1,1,0
163,2025-11-01,17,1,5,1
163,2025-12-01,17,1,2,2
163,2026-01-01,22,2,6,0
163,2026-02-01,18,0,6,0
163,2026-03-01,18,1,4,1
163,2026-04-01,19,2,3,0
164,2022-08-01,22,1,4,0
164,2022-09-01,21,2,1,1
164,2022-10-01,18,0,6,1
164,2022-11-01,18,0,4,2
164,2022-12-01,18,1,4,1
164,2023-01-01,22,2,6,1
164,2023-02-01,22,1,1,1
164,2023-03-01,20,1,2,0
164,2023-04-01,19,1,5,1
164,2023-05-01,22,1,3,1
164,2023-06-01,20,2,3,1
164,2023-07-01,17,1,0,1
164,2023-08-01,19,2,6,0
164,2023-09-01,20,1,0,2
164,2023-10-01,18,0,5,2
164,2023-11-01,19,1,6,1
164,2023-12-01,17,1,3,1
164,2024-01-01,19,2,4,2
164,2024-02-01,18,0,4,2
164,2024-03-01,20,1,0,0
164,2024-04-01,18,0,2,2
164,2024-05-01,20,2,4,1
164,2024-06-01,17,2,3,2
164,2024-07-01,22,1,1,1
164,2024-08-01,21,2,3,0
164,2024-09-01,17,0,5,1
164,2024-10-01,19,2,2,1
164,2024-11-01,19,0,3,0
164,2024-12-01,22,0,2,2
164,2025-01-01,20,0,6,0
164,2025-02-01,21,1,4,0
164,2025-03-01,21,0,3,0
164,2025-04-01,19,2,4,2
164,2025-05-01,19,2,4,1
164,2025-06-01,22,0,1,0
164,2025-07-01,22,2,5,1
164,2025-08-01,19,1,5,0
164,2025-09-01,18,1,3,0
164,2025-10-01,20,1,2,0
164,2025-11-01,22,2,2,1
164,2025-12-01,21,2,0,0
164,2026-01-01,17,2,3,1
164,2026-02-01,20,1,6,0
164,2026-03-01,21,0,4,1
164,2026-04-01,17,2,3,0
165,2023-05-01,21,1,16,2
165,2023-06-01,20,1,13,1
165,2023-07-01,22,0,15,0
165,2023-08-01,21,0,12,0
165,2023-09-01,21,0,16,2
165,2023-10-01,17,2,18,1
165,2023-11-01,21,2,7,0
165,2023-12-01,22,1,17,1
165,2024-01-01,20,1,18,2
165,2024-02-01,18,2,9,0
165,2024-03-01,18,2,13,1
165,2024-04-01,20,2,16,2
165,2024-05-01,20,2,24,5
165,2024-06-01,14,3,28,4
165,2024-07-01,14,4,29,3
165,2024-08-01,18,3,19,4
165,2024-09-01,16,2,16,4
166,2024-01-01,17,1,6,1
166,2024-02-01,18,2,1,0
166,2024-03-01,19,0,3,1
166,2024-04-01,18,0,6,1
166,2024-05-01,17,0,3,0
166,2024-06-01,20,0,3,2
166,2024-07-01,22,0,3,0
166,2024-08-01,20,1,3,0
166,2024-09-01,18,1,4,0
166,2024-10-01,17,0,4,2
166,2024-11-01,22,2,0,0
166,2024-12-01,18,0,3,2
166,2025-01-01,21,1,5,1
166,2025-02-01,20,0,1,0
166,2025-03-01,21,1,3,1
166,2025-04-01,21,0,3,0
166,2025-05-01,17,1,6,1
166,2025-06-01,20,0,2,1
166,2025-07-01,19,0,3,2
166,2025-08-01,19,0,5,0
166,2025-09-01,22,2,6,1
166,2025-10-01,20,0,2,2
166,2025-11-01,22,1,0,0
166,2025-12-01,18,0,4,0
166,2026-01-01,18,2,1,0
166,2026-02-01,22,1,6,0
166,2026-03-01,17,2,6,0
166,2026-04-01,22,2,2,1
167,2025-06-01,21,1,6,0
167,2025-07-01,20,0,1,2
167,2025-08-01,18,2,6,2
167,2025-09-01,18,1,0,0
167,2025-10-01,14,3,2,4
167,2025-11-01,15,4,0,4
167,2025-12-01,15,2,5,5
167,2026-01-01,14,5,6,3
167,2026-02-01,16,2,2,2
168,2022-08-01,20,0,5,1
168,2022-09-01,20,1,17,2
168,2022-10-01,20,0,17,2
168,2022-11-01,22,0,8,1
168,2022-12-01,20,1,6,1
168,2023-01-01,22,2,9,2
168,2023-02-01,22,2,5,1
168,2023-03-01,20,2,17,2
168,2023-04-01,18,0,7,2
168,2023-05-01,18,0,7,2
168,2023-06-01,15,2,27,2
168,2023-07-01,14,4,24,5
168,2023-08-01,18,4,19,5
168,2023-09-01,16,3,16,5
168,2023-10-01,19,3,15,2
169,2025-04-01,18,0,10,1
169,2025-05-01,14,5,26,5
169,2025-06-01,15,5,23,5
169,2025-07-01,14,4,25,3
169,2025-08-01,14,5,29,2
169,2025-09-01,18,4,26,2
170,2025-12-01,19,2,1,2
170,2026-01-01,14,4,1,4
170,2026-02-01,18,2,6,3
170,2026-03-01,17,3,1,3
171,2024-04-01,17,0,5,2
171,2024-05-01,19,2,4,0
171,2024-06-01,21,2,4,0
171,2024-07-01,21,1,4,0
171,2024-08-01,22,2,1,1
171,2024-09-01,18,0,5,0
171,2024-10-01,22,2,6,2
171,2024-11-01,18,2,1,2
171,2024-12-01,21,1,6,0
171,2025-01-01,19,0,3,1
171,2025-02-01,20,2,3,1
171,2025-03-01,17,3,5,2
171,2025-04-01,14,4,1,2
171,2025-05-01,14,3,1,3
171,2025-06-01,15,3,5,5
171,2025-07-01,18,3,6,2
172,2025-11-01,18,1,6,1
172,2025-12-01,17,2,15,2
172,2026-01-01,22,0,7,1
172,2026-02-01,18,2,8,1
172,2026-03-01,17,2,5,2
172,2026-04-01,19,2,5,2
173,2022-07-01,21,1,1,2
173,2022-08-01,20,1,6,0
173,2022-09-01,21,2,4,1
173,2022-10-01,18,0,6,2
173,2022-11-01,19,1,0,1
173,2022-12-01,19,0,5,1
173,2023-01-01,20,2,1,2
173,2023-02-01,22,1,6,1
173,2023-03-01,18,2,0,0
173,2023-04-01,22,2,4,1
173,2023-05-01,18,2,3,2
173,2023-06-01,20,1,0,2
173,2023-07-01,14,4,2,4
173,2023-08-01,16,4,2,2
173,2023-09-01,14,5,1,5
173,2023-10-01,14,5,5,2
173,2023-11-01,17,5,4,5
174,2022-09-01,17,2,5,2
174,2022-10-01,22,0,13,0
174,2022-11-01,17,0,9,2
174,2022-12-01,22,2,18,2
174,2023-01-01,20,1,15,2
174,2023-02-01,17,1,14,1
174,2023-03-01,20,2,17,2
174,2023-04-01,17,1,17,2
174,2023-05-01,22,1,14,0
174,2023-06-01,18,2,6,0
174,2023-07-01,22,1,5,1
174,2023-08-01,20,0,15,1
174,2023-09-01,19,1,17,2
174,2023-10-01,19,1,7,1
174,2023-11-01,20,0,9,1
174,2023-12-01,22,2,8,0
174,2024-01-01,18,2,16,2
174,2024-02-01,22,1,15,1
174,2024-03-01,19,0,17,1
174,2024-04-01,17,1,9,2
174,2024-05-01,21,2,16,0
174,2024-06-01,19,1,5,2
174,2024-07-01,17,2,10,1
174,2024-08-01,21,1,14,0
174,2024-09-01,20,0,8,2
174,2024-10-01,20,1,9,1
174,2024-11-01,19,0,6,1
174,2024-12-01,17,0,7,2
174,2025-01-01,19,2,15,2
174,2025-02-01,21,1,16,2
174,2025-03-01,21,0,10,2
174,2025-04-01,22,0,7,0
174,2025-05-01,17,2,13,2
174,2025-06-01,20,1,6,2
174,2025-07-01,15,4,19,2
174,2025-08-01,20,2,22,2
174,2025-09-01,15,3,23,5
174,2025-10-01,15,3,22,3
174,2025-11-01,14,4,15,5
175,2023-12-01,20,1,4,2
175,2024-01-01,21,0,3,0
175,2024-02-01,21,2,3,2
175,2024-03-01,21,1,5,1
175,2024-04-01,22,1,6,1
175,2024-05-01,20,1,2,0
175,2024-06-01,19,2,2,0
175,2024-07-01,22,0,2,2
175,2024-08-01,18,2,4,0
175,2024-09-01,17,2,5,1
175,2024-10-01,21,1,0,2
175,2024-11-01,18,2,2,2
175,2024-12-01,22,2,4,0
175,2025-01-01,20,1,4,0
175,2025-02-01,20,2,3,1
175,2025-03-01,21,1,0,0
175,2025-04-01,17,2,3,2
175,2025-05-01,22,0,2,1
175,2025-06-01,22,0,0,2
175,2025-07-01,19,0,5,1
175,2025-08-01,21,1,5,0
175,2025-09-01,17,5,3,3
175,2025-10-01,15,5,2,4
175,2025-11-01,14,5,1,4
175,2025-12-01,15,2,5,2
175,2026-01-01,15,2,4,3
176,2023-04-01,22,0,7,2
176,2023-05-01,18,0,4,2
176,2023-06-01,20,2,5,1
176,2023-07-01,17,0,10,2
176,2023-08-01,22,2,10,1
176,2023-09-01,20,2,11,0
176,2023-10-01,19,0,5,1
176,2023-11-01,19,0,15,1
176,2023-12-01,19,1,5,0
176,2024-01-01,19,1,7,0
176,2024-02-01,19,2,14,0
176,2024-03-01,19,1,16,0
176,2024-04-01,21,1,4,2
176,2024-05-01,17,2,4,2
176,2024-06-01,19,0,6,0
176,2024-07-01,21,0,4,1
176,2024-08-01,20,1,4,2
176,2024-09-01,21,1,17,0
176,2024-10-01,18,0,14,2
176,2024-11-01,20,0,12,0
176,2024-12-01,19,0,17,2
176,2025-01-01,18,2,9,2
176,2025-02-01,18,1,15,0
176,2025-03-01,21,0,17,1
176,2025-04-01,17,2,4,2
176,2025-05-01,17,1,18,1
176,2025-06-01,17,1,14,0
176,2025-07-01,21,2,6,0
176,2025-08-01,20,0,13,0
176,2025-09-01,21,1,11,2
176,2025-10-01,21,1,16,1
176,2025-11-01,17,2,12,0
176,2025-12-01,19,0,9,0
176,2026-01-01,18,1,7,1
176,2026-02-01,17,1,4,1
176,2026-03-01,22,2,16,2
176,2026-04-01,17,2,5,2
177,2025-06-01,22,1,4,2
177,2025-07-01,21,2,4,2
177,2025-08-01,20,2,5,0
177,2025-09-01,19,1,1,1
177,2025-10-01,18,1,5,1
177,2025-11-01,20,1,3,0
177,2025-12-01,20,0,3,0
177,2026-01-01,19,2,3,2
177,2026-02-01,20,1,3,1
177,2026-03-01,22,2,0,2
177,2026-04-01,17,0,0,1
178,2025-09-01,21,2,4,2
178,2025-10-01,18,2,2,2
178,2025-11-01,17,2,0,0
178,2025-12-01,19,1,1,1
178,2026-01-01,21,0,6,2
178,2026-02-01,20,2,4,2
178,2026-03-01,18,2,2,2
178,2026-04-01,22,0,1,0
179,2025-12-01,20,0,1,2
179,2026-01-01,19,0,5,0
179,2026-02-01,20,0,4,2
179,2026-03-01,21,0,0,1
179,2026-04-01,18,2,0,1
180,2022-10-01,14,4,27,4
180,2022-11-01,17,3,22,4
180,2022-12-01,16,4,23,2
180,2023-01-01,15,5,21,4
181,2023-10-01,21,0,5,2
181,2023-11-01,20,0,5,1
181,2023-12-01,18,2,5,0
181,2024-01-01,17,2,0,0
181,2024-02-01,18,1,0,0
181,2024-03-01,21,1,1,2
181,2024-04-01,19,2,5,2
181,2024-05-01,20,1,4,1
181,2024-06-01,19,2,2,0
181,2024-07-01,17,1,6,0
181,2024-08-01,17,2,6,1
181,2024-09-01,18,0,4,0
181,2024-10-01,20,1,0,0
181,2024-11-01,18,0,6,1
181,2024-12-01,18,0,6,2
181,2025-01-01,17,0,3,2
181,2025-02-01,19,1,5,0
181,2025-03-01,20,2,6,0
181,2025-04-01,22,2,6,0
181,2025-05-01,18,2,2,0
181,2025-06-01,21,0,1,1
181,2025-07-01,19,0,2,1
181,2025-08-01,18,2,0,1
181,2025-09-01,20,0,2,2
181,2025-10-01,17,0,1,2
181,2025-11-01,18,1,5,2
181,2025-12-01,20,0,6,1
181,2026-01-01,17,0,4,2
181,2026-02-01,19,2,1,0
181,2026-03-01,21,1,0,0
181,2026-04-01,22,0,3,2
182,2022-04-01,21,0,13,2
182,2022-05-01,18,2,18,1
182,2022-06-01,19,0,6,0
182,2022-07-01,22,0,4,1
182,2022-08-01,17,2,4,1
182,2022-09-01,21,0,17,0
182,2022-10-01,20,2,30,5
182,2022-11-01,14,5,22,5
182,2022-12-01,17,4,29,3
182,2023-01-01,16,4,19,3
182,2023-02-01,17,3,15,4
183,2024-11-01,18,0,3,1
183,2024-12-01,22,2,6,0
183,2025-01-01,20,0,6,2
183,2025-02-01,19,0,3,1
183,2025-03-01,20,1,5,1
183,2025-04-01,20,1,3,1
183,2025-05-01,19,1,5,1
183,2025-06-01,18,2,4,0
183,2025-07-01,18,0,5,0
183,2025-08-01,21,0,6,2
183,2025-09-01,22,2,2,1
183,2025-10-01,21,1,2,2
183,2025-11-01,19,0,3,0
183,2025-12-01,15,5,2,5
183,2026-01-01,14,3,2,3
183,2026-02-01,17,5,1,2
183,2026-03-01,17,5,4,3
183,2026-04-01,16,3,5,3
184,2025-05-01,14,4,3,3
184,2025-06-01,18,2,5,2
184,2025-07-01,15,2,6,4
184,2025-08-01,14,4,1,3
185,2024-10-01,18,1,17,0
185,2024-11-01,19,2,18,1
185,2024-12-01,21,1,11,1
185,2025-01-01,22,0,8,1
185,2025-02-01,17,2,6,0
185,2025-03-01,18,1,5,2
185,2025-04-01,21,1,6,2
185,2025-05-01,21,2,11,2
185,2025-06-01,19,2,17,0
185,2025-07-01,17,2,6,1
185,2025-08-01,17,0,6,1
185,2025-09-01,20,1,11,0
185,2025-10-01,17,2,15,1
185,2025-11-01,20,2,13,0
185,2025-12-01,20,0,11,2
185,2026-01-01,21,1,18,1
185,2026-02-01,17,1,5,0
185,2026-03-01,18,2,8,2
185,2026-04-01,20,0,5,2
